invoicedate,quantity
2009-12-01,24
2009-12-01,24
2009-12-01,24
2009-12-01,24
2009-12-01,24
2009-12-01,24
2009-12-01,24
2009-12-01,108
2009-12-03,24
2009-12-03,24
2009-12-03,8
2009-12-03,24
2009-12-03,4
2009-12-03,20
2009-12-03,20
2009-12-03,40
2009-12-03,4
2009-12-03,4
2009-12-03,48
2009-12-03,6
2009-12-03,6
2009-12-03,6
2009-12-03,30
2009-12-03,10
2009-12-03,10
2009-12-03,10
2009-12-03,16
2009-12-03,16
2009-12-03,16
2009-12-03,16
2009-12-03,32
2009-12-03,24
2009-12-03,6
2009-12-03,12
2009-12-03,24
2009-12-03,24
2009-12-03,24
2009-12-09,12
2009-12-09,30
2009-12-09,30
2009-12-09,8
2009-12-09,25
2009-12-09,24
2009-12-09,27
2009-12-09,6
2009-12-09,10
2009-12-09,6
2009-12-09,4
2009-12-09,24
2009-12-09,24
2009-12-09,32
2009-12-09,12
2009-12-09,72
2009-12-09,24
2009-12-09,32
2009-12-09,16
2009-12-18,4
2009-12-18,6
2009-12-18,48
2009-12-18,24
2009-12-18,48
2009-12-18,12
2009-12-18,4
2009-12-18,4
2009-12-18,6
2009-12-18,6
2009-12-18,6
2009-12-18,6
2009-12-18,20
2009-12-18,20
2009-12-18,20
2009-12-18,20
2009-12-18,6
2009-12-18,48
2009-12-18,5
2009-12-18,6
2009-12-18,2
2009-12-18,10
2009-12-18,6
2010-01-27,12
2010-01-27,12
2010-01-27,3
2010-01-27,48
2010-01-27,24
2010-01-27,24
2010-01-27,24
2010-01-27,12
2010-01-27,12
2010-01-27,12
2010-01-27,12
2010-01-27,2
2010-01-27,6
2010-01-27,24
2010-01-27,2
2010-01-27,6
2010-01-27,12
2010-01-27,10
2010-01-27,10
2010-01-27,8
2010-01-27,8
2010-01-27,6
2010-01-27,6
2010-01-27,12
2010-01-27,12
2010-01-27,12
2010-01-27,24
2010-01-27,4
2010-01-27,48
2010-01-27,20
2010-01-27,20
2010-01-27,10
2010-01-27,8
2010-01-27,8
2010-01-27,8
2010-01-27,12
2010-01-27,24
2010-01-27,16
2010-01-27,12
2010-01-27,6
2010-02-17,10
2010-02-17,24
2010-02-17,24
2010-02-17,8
2010-02-17,6
2010-02-17,6
2010-02-17,24
2010-02-17,24
2010-02-17,24
2010-02-17,24
2010-02-17,24
2010-02-17,12
2010-02-17,8
2010-02-17,24
2010-02-17,8
2010-02-17,8
2010-02-17,8
2010-02-17,8
2010-02-17,16
2010-02-17,16
2010-02-17,16
2010-02-17,12
2010-02-17,8
2010-02-17,12
2010-02-17,4
2010-02-17,6
2010-02-17,6
2010-02-17,16
2010-02-17,16
2010-02-17,12
2010-03-17,20
2010-03-17,10
2010-03-17,10
2010-03-17,12
2010-03-17,20
2010-03-17,12
2010-03-17,24
2010-03-17,16
2010-03-17,12
2010-03-17,12
2010-03-17,12
2010-03-17,12
2010-03-17,12
2010-03-17,12
2010-03-17,24
2010-03-17,24
2010-03-17,12
2010-03-17,12
2010-03-17,12
2010-03-17,24
2010-03-17,8
2010-03-17,8
2010-03-17,10
2010-03-17,6
2010-03-17,6
2010-03-17,10
2010-03-17,6
2010-03-17,24
2010-03-17,8
2010-03-17,8
2010-03-17,8
2010-03-17,24
2010-03-17,24
2010-03-17,24
2010-03-17,48
2010-03-17,24
2010-03-17,24
2010-03-17,24
2010-03-17,24
2010-03-17,12
2010-03-17,20
2010-03-17,20
2010-03-17,10
2010-03-17,10
2010-03-17,10
2010-03-17,10
2010-03-17,6
2010-03-23,24
2010-03-23,24
2010-03-23,12
2010-03-23,8
2010-03-23,8
2010-03-23,8
2010-03-23,8
2010-03-23,8
2010-03-23,24
2010-03-23,3
2010-03-23,3
2010-03-23,12
2010-03-23,12
2010-03-23,12
2010-03-23,12
2010-03-23,12
2010-03-23,6
2010-03-23,10
2010-03-23,10
2010-03-23,20
2010-03-23,12
2010-03-23,10
2010-03-23,10
2010-03-23,6
2010-03-23,2
2010-03-23,24
2010-03-29,12
2010-03-29,12
2010-03-29,12
2010-03-29,12
2010-03-29,12
2010-03-29,12
2010-03-29,16
2010-03-29,12
2010-03-29,6
2010-03-29,6
2010-03-29,20
2010-03-29,20
2010-03-29,20
2010-03-29,20
2010-03-29,20
2010-03-29,10
2010-03-29,4
2010-04-23,12
2010-04-23,12
2010-04-23,12
2010-04-23,10
2010-04-23,10
2010-04-23,10
2010-04-23,8
2010-04-23,25
2010-04-23,6
2010-04-23,4
2010-04-23,6
2010-04-23,24
2010-04-23,24
2010-04-23,24
2010-04-23,24
2010-04-23,24
2010-04-23,12
2010-04-23,8
2010-04-23,24
2010-04-23,12
2010-04-23,24
2010-04-23,8
2010-04-23,8
2010-04-23,8
2010-04-23,16
2010-04-23,16
2010-04-23,8
2010-04-26,20
2010-04-26,30
2010-04-26,20
2010-04-26,10
2010-04-26,20
2010-04-26,20
2010-04-26,20
2010-04-26,48
2010-04-26,10
2010-04-26,10
2010-04-26,12
2010-04-26,12
2010-04-26,32
2010-04-26,12
2010-04-26,6
2010-04-26,12
2010-04-26,12
2010-05-23,25
2010-05-23,24
2010-05-23,12
2010-05-23,30
2010-05-23,20
2010-05-23,20
2010-05-23,30
2010-05-23,12
2010-05-23,12
2010-05-23,12
2010-05-23,2
2010-05-23,12
2010-05-23,12
2010-05-23,12
2010-05-23,6
2010-05-23,18
2010-05-23,8
2010-05-23,8
2010-05-23,16
2010-05-23,8
2010-05-23,8
2010-05-23,8
2010-05-23,8
2010-05-23,8
2010-05-23,8
2010-05-23,16
2010-05-23,12
2010-05-23,24
2010-05-23,24
2010-05-23,3
2010-05-23,6
2010-05-23,10
2010-05-23,2
2010-05-23,36
2010-05-23,36
2010-05-23,48
2010-05-23,32
2010-05-24,24
2010-05-24,24
2010-05-24,24
2010-05-24,48
2010-05-24,24
2010-05-24,12
2010-05-24,12
2010-05-24,12
2010-05-24,20
2010-05-24,20
2010-05-24,10
2010-05-24,10
2010-05-24,10
2010-05-24,10
2010-05-24,20
2010-05-24,6
2010-05-24,6
2010-05-24,6
2010-05-24,6
2010-05-24,12
2010-05-24,8
2010-05-24,8
2010-05-24,8
2010-05-24,8
2010-05-24,8
2010-05-24,12
2010-05-24,12
2010-05-24,12
2010-05-24,24
2010-05-24,24
2010-05-24,24
2010-05-24,24
2010-05-24,24
2010-05-24,24
2010-05-24,24
2010-05-24,6
2010-05-24,8
2010-05-24,8
2010-05-24,48
2010-05-24,48
2010-05-24,24
2010-06-17,48
2010-06-17,10
2010-06-17,10
2010-06-17,10
2010-06-17,40
2010-06-17,30
2010-06-17,20
2010-06-17,20
2010-06-17,12
2010-06-17,12
2010-06-17,48
2010-06-17,32
2010-06-17,24
2010-06-25,48
2010-06-25,24
2010-06-25,12
2010-06-25,32
2010-06-25,24
2010-06-25,12
2010-06-25,20
2010-06-25,20
2010-06-25,20
2010-06-25,20
2010-06-25,30
2010-06-25,15
2010-06-25,8
2010-06-25,8
2010-06-25,48
2010-06-25,48
2010-06-25,48
2010-06-25,48
2010-06-25,48
2010-06-25,24
2010-06-25,6
2010-06-25,6
2010-07-02,12
2010-07-02,8
2010-07-02,8
2010-07-02,16
2010-07-02,16
2010-07-02,16
2010-07-02,6
2010-07-02,12
2010-07-02,12
2010-07-02,20
2010-07-02,20
2010-07-02,30
2010-07-02,12
2010-07-02,24
2010-07-02,24
2010-07-02,24
2010-07-02,6
2010-07-02,10
2010-07-02,6
2010-07-02,2
2010-07-02,6
2010-07-02,6
2010-07-02,48
2010-07-02,48
2010-07-02,24
2010-07-02,8
2010-07-02,20
2010-07-20,8
2010-07-20,12
2010-07-20,32
2010-07-20,96
2010-07-20,20
2010-07-20,10
2010-07-20,10
2010-07-20,20
2010-07-20,10
2010-07-20,30
2010-08-16,20
2010-08-16,20
2010-08-16,32
2010-08-16,24
2010-08-16,16
2010-08-16,16
2010-08-16,8
2010-08-16,16
2010-08-16,12
2010-08-16,6
2010-08-16,25
2010-08-16,20
2010-08-16,10
2010-08-16,6
2010-08-16,6
2010-08-16,20
2010-08-16,20
2010-08-16,24
2010-08-16,24
2010-08-16,12
2010-08-16,12
2010-08-16,12
2010-08-16,12
2010-08-16,12
2010-08-16,4
2010-09-07,12
2010-09-07,24
2010-09-07,24
2010-09-07,12
2010-09-07,12
2010-09-07,25
2010-09-07,12
2010-09-07,12
2010-09-07,6
2010-09-07,6
2010-09-07,4
2010-09-07,6
2010-09-07,6
2010-09-07,6
2010-09-07,12
2010-09-07,12
2010-09-07,24
2010-09-07,24
2010-09-07,24
2010-09-07,24
2010-09-07,10
2010-09-07,10
2010-09-07,10
2010-09-07,10
2010-09-07,10
2010-09-07,10
2010-09-07,6
2010-09-07,12
2010-09-07,12
2010-09-07,8
2010-09-07,12
2010-09-07,12
2010-09-07,12
2010-09-07,12
2010-09-07,24
2010-09-07,24
2010-09-07,16
2010-09-07,8
2010-09-07,8
2010-09-07,20
2010-09-07,20
2010-09-07,20
2010-09-07,20
2010-09-07,20
2010-09-07,8
2010-09-07,6
2010-09-07,2
2010-09-07,6
2010-09-07,12
2010-09-07,24
2010-09-07,6
2010-09-07,6
2010-09-07,24
2010-09-07,24
2010-09-07,12
2010-09-10,12
2010-09-10,12
2010-09-10,12
2010-09-10,12
2010-09-10,12
2010-09-10,12
2010-09-10,12
2010-09-10,12
2010-09-10,6
2010-09-10,2
2010-09-10,2
2010-09-10,2
2010-09-10,6
2010-09-10,6
2010-09-10,6
2010-09-10,6
2010-09-10,6
2010-09-10,6
2010-09-10,6
2010-09-10,6
2010-09-10,4
2010-09-10,6
2010-09-10,6
2010-09-10,4
2010-09-10,6
2010-09-10,6
2010-09-10,12
2010-09-10,12
2010-09-10,12
2010-09-16,12
2010-09-16,12
2010-09-16,12
2010-09-16,6
2010-09-16,12
2010-09-16,6
2010-09-16,6
2010-09-16,6
2010-09-16,2
2010-09-16,36
2010-09-16,12
2010-09-16,12
2010-09-16,12
2010-09-16,12
2010-09-16,2
2010-09-16,2
2010-09-16,12
2010-09-16,12
2010-09-16,12
2010-09-16,12
2010-09-16,12
2010-09-16,12
2010-09-16,6
2010-09-16,6
2010-09-16,4
2010-09-16,6
2010-09-16,6
2010-09-16,4
2010-09-16,6
2010-09-16,6
2010-09-16,6
2010-09-16,6
2010-09-16,20
2010-09-16,20
2010-09-16,20
2010-09-16,12
2010-09-16,12
2010-09-16,32
2010-09-16,20
2010-09-16,32
2010-09-16,50
2010-09-16,30
2010-09-16,10
2010-09-16,4
2010-09-16,36
2010-09-16,8
2010-09-16,10
2010-09-16,10
2010-09-16,3
2010-09-16,3
2010-09-16,12
2010-09-16,12
2010-09-16,12
2010-09-16,4
2010-09-16,12
2010-09-16,6
2010-09-16,12
2010-09-16,12
2010-09-16,20
2010-09-16,12
2010-09-16,2
2010-09-16,12
2010-09-16,2
2010-09-16,6
2010-09-16,6
2010-09-16,10
2010-09-16,2
2010-09-16,2
2010-09-16,6
2010-09-16,6
2010-09-16,6
2010-09-16,6
2010-09-16,6
2010-09-16,12
2010-09-16,12
2010-09-16,12
2010-09-16,6
2010-09-16,12
2010-09-16,12
2010-09-16,6
2010-09-16,6
2010-09-16,6
2010-09-16,12
2010-09-16,12
2010-09-16,12
2010-09-16,12
2010-09-16,12
2010-09-16,36
2010-09-16,12
2010-09-16,12
2010-09-16,24
2010-09-16,24
2010-09-16,24
2010-09-16,6
2010-09-16,6
2010-09-16,4
2010-09-16,4
2010-09-16,3
2010-09-16,3
2010-10-01,16
2010-10-01,8
2010-10-01,8
2010-10-01,6
2010-10-01,3
2010-10-01,2
2010-10-01,6
2010-10-01,4
2010-10-01,12
2010-10-01,8
2010-10-01,12
2010-10-01,12
2010-10-01,12
2010-10-01,12
2010-10-01,12
2010-10-01,6
2010-10-01,24
2010-10-01,48
2010-10-01,6
2010-10-01,6
2010-10-13,20
2010-10-13,12
2010-10-13,24
2010-10-13,24
2010-10-13,24
2010-10-13,10
2010-10-13,6
2010-10-13,6
2010-10-13,10
2010-10-13,8
2010-10-13,72
2010-10-13,24
2010-10-13,12
2010-10-13,20
2010-10-13,10
2010-10-13,20
2010-10-13,10
2010-10-13,10
2010-10-13,12
2010-10-13,48
2010-10-13,6
2010-10-13,6
2010-10-29,32
2010-10-29,30
2010-10-29,30
2010-10-29,20
2010-10-29,20
2010-10-29,20
2010-10-29,20
2010-10-29,24
2010-10-29,48
2010-10-29,24
2010-10-29,12
2010-10-29,4
2010-10-29,4
2010-10-29,24
2010-10-29,12
2010-10-29,24
2010-10-29,16
2010-10-29,16
2010-10-29,16
2010-10-29,8
2010-10-29,16
2010-10-29,20
2010-10-29,10
2010-10-29,20
2010-10-29,24
2010-10-29,25
2010-10-29,3
2010-10-29,10
2010-10-29,6
2010-10-29,12
2010-10-29,12
2010-10-29,12
2010-10-29,8
2010-10-29,3
2010-11-17,12
2010-11-17,12
2010-11-17,12
2010-11-17,12
2010-11-17,12
2010-11-17,6
2010-11-17,6
2010-11-17,4
2010-11-17,4
2010-11-17,4
2010-11-17,4
2010-11-17,4
2010-11-17,24
2010-11-17,36
2010-11-17,24
2010-11-17,36
2010-11-18,16
2010-11-18,24
2010-11-18,12
2010-11-18,24
2010-11-18,24
2010-11-18,12
2010-11-19,36
2010-11-19,12
2010-11-19,12
2010-11-19,6
2010-11-19,24
2010-11-19,24
2010-11-19,24
2010-11-19,9
2010-11-19,9
2010-11-19,9
2010-11-19,9
2010-11-19,10
2010-11-19,10
2010-11-19,10
2010-11-19,6
2010-11-19,2
2010-11-19,24
2010-11-19,12
2010-11-19,24
2010-11-19,12
2010-11-19,12
2010-11-19,12
2010-11-19,12
2010-11-19,6
2010-11-19,4
2010-11-19,6
2010-11-19,6
2010-11-19,6
2010-11-19,6
2010-11-19,6
2010-11-19,6
2010-11-19,6
2010-11-19,6
2010-11-19,4
2010-11-19,4
2010-11-19,2
2010-11-19,24
2010-11-19,24
2010-11-19,36
2010-11-19,36
2010-12-01,6
2010-12-01,12
2010-12-01,6
2010-12-01,6
2010-12-01,12
2010-12-01,12
2010-12-01,12
2010-12-01,6
2010-12-01,4
2010-12-01,8
2010-12-01,8
2010-12-01,12
2010-12-01,12
2010-12-01,12
2010-12-01,12
2010-12-08,8
2010-12-08,8
2010-12-08,8
2010-12-08,20
2010-12-08,10
2010-12-08,6
2010-12-08,6
2010-12-08,3
2010-12-08,6
2010-12-08,3
2010-12-08,24
2010-12-08,24
2010-12-08,6
2010-12-08,6
2010-12-08,6
2010-12-08,12
2010-12-08,12
2010-12-08,24
2010-12-08,24
2010-12-08,24
2011-01-05,24
2011-01-05,30
2011-01-05,20
2011-01-05,10
2011-01-05,10
2011-01-05,20
2011-01-05,10
2011-01-05,12
2011-01-05,24
2011-01-05,6
2011-01-05,8
2011-01-05,6
2011-01-05,10
2011-01-05,10
2011-01-05,12
2011-01-05,12
2011-01-05,6
2011-01-05,6
2011-01-05,6
2011-01-05,6
2011-01-05,24
2011-01-05,24
2011-01-05,24
2011-01-05,24
2011-02-11,32
2011-02-11,30
2011-02-11,20
2011-02-11,20
2011-02-11,30
2011-02-11,12
2011-02-11,24
2011-02-11,12
2011-02-11,12
2011-02-11,12
2011-02-11,36
2011-02-11,12
2011-02-25,4
2011-02-25,6
2011-02-25,6
2011-02-25,6
2011-02-25,4
2011-02-25,8
2011-02-25,4
2011-02-25,4
2011-02-25,4
2011-02-25,12
2011-02-25,8
2011-02-25,12
2011-02-25,12
2011-02-25,6
2011-02-25,6
2011-02-25,12
2011-02-25,10
2011-02-25,3
2011-02-25,12
2011-02-25,12
2011-02-25,4
2011-02-25,4
2011-02-25,12
2011-02-25,6
2011-02-25,6
2011-02-25,12
2011-02-25,12
2011-02-25,12
2011-02-25,4
2011-02-25,6
2011-02-25,10
2011-02-25,10
2011-02-25,12
2011-02-25,12
2011-02-25,12
2011-02-25,24
2011-02-25,12
2011-02-25,16
2011-02-25,12
2011-02-25,12
2011-02-25,12
2011-02-25,12
2011-02-25,24
2011-02-25,3
2011-02-25,6
2011-02-25,12
2011-02-25,24
2011-02-25,25
2011-02-25,6
2011-02-25,6
2011-02-25,10
2011-02-25,6
2011-02-25,10
2011-02-25,6
2011-02-25,24
2011-02-25,24
2011-02-25,24
2011-02-25,24
2011-02-25,24
2011-02-25,24
2011-02-25,12
2011-02-25,12
2011-02-25,12
2011-02-25,6
2011-02-25,6
2011-02-25,6
2011-02-25,10
2011-02-25,10
2011-02-25,10
2011-02-25,10
2011-02-25,20
2011-02-28,6
2011-02-28,4
2011-02-28,12
2011-02-28,12
2011-02-28,12
2011-02-28,6
2011-02-28,6
2011-02-28,12
2011-02-28,4
2011-02-28,4
2011-02-28,12
2011-02-28,12
2011-02-28,3
2011-02-28,10
2011-02-28,12
2011-02-28,6
2011-02-28,6
2011-02-28,12
2011-02-28,12
2011-02-28,12
2011-02-28,4
2011-02-28,4
2011-02-28,4
2011-02-28,6
2011-02-28,6
2011-02-28,6
2011-02-28,1
2011-03-20,6
2011-03-20,8
2011-03-20,8
2011-03-20,16
2011-03-20,8
2011-03-20,20
2011-03-20,20
2011-03-20,20
2011-03-20,20
2011-03-20,8
2011-03-20,3
2011-03-20,6
2011-03-20,2
2011-03-20,6
2011-03-20,10
2011-03-20,24
2011-03-20,24
2011-03-20,24
2011-03-20,12
2011-03-20,12
2011-03-20,8
2011-03-20,12
2011-03-20,12
2011-03-20,24
2011-03-20,24
2011-03-20,24
2011-03-20,24
2011-03-20,24
2011-03-20,12
2011-03-20,8
2011-03-20,48
2011-03-20,30
2011-03-20,20
2011-03-20,30
2011-03-20,20
2011-03-20,20
2011-03-20,20
2011-03-20,30
2011-03-20,10
2011-03-20,96
2011-05-06,8
2011-05-06,20
2011-05-06,10
2011-05-06,10
2011-05-06,6
2011-05-06,6
2011-05-06,6
2011-05-06,25
2011-05-06,8
2011-05-06,8
2011-05-06,8
2011-05-06,12
2011-05-06,12
2011-05-06,12
2011-05-06,12
2011-05-06,3
2011-05-06,2
2011-05-06,24
2011-05-06,12
2011-05-06,8
2011-05-06,16
2011-05-06,16
2011-05-06,16
2011-05-06,16
2011-05-06,16
2011-05-06,24
2011-05-06,12
2011-05-06,24
2011-05-06,32
2011-05-06,12
2011-05-06,12
2011-05-06,12
2011-05-06,24
2011-05-06,24
2011-05-06,24
2011-05-06,6
2011-05-06,12
2011-05-06,48
2011-05-06,20
2011-05-06,10
2011-05-06,2
2011-05-06,4
2011-05-06,9
2011-05-06,5
2011-05-06,4
2011-05-06,6
2011-05-11,8
2011-05-11,4
2011-05-11,12
2011-05-11,12
2011-05-11,12
2011-05-11,6
2011-05-11,12
2011-05-11,10
2011-05-11,12
2011-05-11,4
2011-05-11,12
2011-05-11,12
2011-05-11,6
2011-05-11,12
2011-05-11,4
2011-05-11,4
2011-05-11,4
2011-05-11,6
2011-06-08,12
2011-06-08,24
2011-06-08,10
2011-06-08,10
2011-06-08,30
2011-06-08,10
2011-06-08,18
2011-06-08,12
2011-06-08,12
2011-06-08,12
2011-06-08,12
2011-06-08,25
2011-06-08,10
2011-06-08,10
2011-06-08,10
2011-06-08,10
2011-06-08,10
2011-06-08,8
2011-06-08,8
2011-06-08,16
2011-06-08,24
2011-06-08,24
2011-06-08,4
2011-06-08,12
2011-06-08,12
2011-06-08,12
2011-07-04,24
2011-07-04,6
2011-07-04,3
2011-07-04,12
2011-07-04,12
2011-07-04,12
2011-07-04,12
2011-07-04,12
2011-07-04,12
2011-07-04,10
2011-07-04,20
2011-07-04,20
2011-07-04,6
2011-07-04,8
2011-07-04,8
2011-07-04,8
2011-07-04,9
2011-07-04,10
2011-07-04,4
2011-07-04,4
2011-07-06,12
2011-07-06,12
2011-07-06,10
2011-07-06,10
2011-07-06,8
2011-07-06,8
2011-07-06,8
2011-07-06,8
2011-07-06,8
2011-07-06,4
2011-07-06,6
2011-07-06,8
2011-07-06,24
2011-07-06,3
2011-07-06,8
2011-07-06,8
2011-07-06,8
2011-07-06,8
2011-07-06,20
2011-07-06,27
2011-07-06,15
2011-07-06,10
2011-07-06,10
2011-07-06,20
2011-07-06,20
2011-07-06,20
2011-07-06,10
2011-07-06,20
2011-07-06,10
2011-07-06,10
2011-07-06,6
2011-07-06,6
2011-07-06,2
2011-07-06,2
2011-07-06,24
2011-07-06,12
2011-07-29,10
2011-07-29,10
2011-07-29,10
2011-07-29,10
2011-07-29,10
2011-07-29,8
2011-07-29,24
2011-07-29,24
2011-07-29,24
2011-07-29,6
2011-07-29,3
2011-07-29,24
2011-07-29,24
2011-07-29,12
2011-07-29,12
2011-07-29,12
2011-07-29,12
2011-07-29,8
2011-07-29,8
2011-07-29,4
2011-07-29,8
2011-07-29,6
2011-07-29,12
2011-07-29,10
2011-07-29,25
2011-07-29,12
2011-07-29,12
2011-07-29,24
2011-07-29,10
2011-07-29,10
2011-07-29,10
2011-07-29,10
2011-07-29,20
2011-07-29,6
2011-07-29,20
2011-07-29,30
2011-07-29,30
2011-08-01,8
2011-08-01,6
2011-08-01,16
2011-08-01,20
2011-08-01,20
2011-08-01,10
2011-08-01,12
2011-08-01,20
2011-08-01,20
2011-08-01,20
2011-08-01,8
2011-08-01,6
2011-08-01,6
2011-08-01,6
2011-08-01,10
2011-08-01,12
2011-08-01,12
2011-08-01,24
2011-08-01,24
2011-08-01,24
2011-08-01,24
2011-08-01,24
2011-08-01,24
2011-08-01,12
2011-08-01,24
2011-08-01,3
2011-08-01,4
2011-08-01,6
2011-08-01,6
2011-08-01,12
2011-08-01,24
2011-08-01,24
2011-09-02,12
2011-09-02,30
2011-09-02,10
2011-09-02,10
2011-09-02,30
2011-09-02,40
2011-09-02,6
2011-09-02,10
2011-09-02,20
2011-09-02,12
2011-09-02,8
2011-09-02,4
2011-09-02,48
2011-09-02,48
2011-09-02,16
2011-09-02,20
2011-09-02,30
2011-09-02,10
2011-09-02,30
2011-09-02,30
2011-09-02,30
2011-09-02,12
2011-09-02,6
2011-09-02,24
2011-09-02,8
2011-09-02,8
2011-09-02,12
2011-09-02,12
2011-09-02,12
2011-09-02,6
2011-09-02,6
2011-09-02,8
2011-09-02,8
2011-09-02,8
2011-09-02,8
2011-09-02,6
2011-09-02,12
2011-09-14,6
2011-09-14,12
2011-09-14,4
2011-09-14,4
2011-09-14,18
2011-09-14,12
2011-09-14,12
2011-09-14,24
2011-09-14,12
2011-09-14,12
2011-09-14,12
2011-09-14,6
2011-09-14,4
2011-09-14,4
2011-09-14,4
2011-09-14,2
2011-09-14,3
2011-09-14,10
2011-09-14,6
2011-09-14,6
2011-09-14,4
2011-09-14,6
2011-09-14,12
2011-09-14,4
2011-09-14,4
2011-09-15,6
2011-09-15,4
2011-09-15,4
2011-09-15,18
2011-09-15,6
2011-09-15,12
2011-09-15,2
2011-09-15,6
2011-09-15,6
2011-09-15,12
2011-09-15,12
2011-09-15,24
2011-09-15,4
2011-09-16,6
2011-09-16,10
2011-09-16,6
2011-09-16,10
2011-09-16,12
2011-09-16,24
2011-09-16,8
2011-09-16,12
2011-09-16,24
2011-09-16,24
2011-09-16,24
2011-09-16,24
2011-09-16,10
2011-09-16,10
2011-09-16,10
2011-09-16,10
2011-09-16,10
2011-09-16,10
2011-09-16,4
2011-09-16,4
2011-09-16,24
2011-09-16,12
2011-09-16,6
2011-09-16,24
2011-09-16,12
2011-09-16,12
2011-09-16,12
2011-10-24,8
2011-10-24,24
2011-10-24,6
2011-10-24,16
2011-10-24,12
2011-10-24,6
2011-10-24,36
2011-10-24,12
2011-10-24,12
2011-10-24,12
2011-10-24,12
2011-10-24,12
2011-10-24,12
2011-10-24,10
2011-10-24,10
2011-10-24,10
2011-10-24,10
2011-10-24,10
2011-10-24,10
2011-10-24,10
2011-10-24,10
2011-10-24,10
2011-10-24,10
2011-10-24,24
2011-10-24,6
2011-10-24,40
2011-10-24,40
2011-10-24,10
2011-10-24,20
2011-10-24,20
2011-10-24,30
2011-10-24,12
2011-10-24,12
2011-10-24,8
2011-10-24,12
2011-10-24,12
2011-10-24,8
2011-10-24,24
2011-10-24,24
2011-10-24,40
2011-10-24,12
2011-10-24,12
2011-10-24,12
2011-10-24,4
2011-10-24,24
2011-10-24,24
2011-10-24,6
2011-10-24,10
2011-10-24,2
2011-10-24,4
2011-10-24,12
2011-10-24,4
2011-10-24,6
2011-10-24,6
2011-10-24,6
2011-10-24,6
2011-10-24,6
2011-10-24,6
2011-10-24,3
2011-11-09,3
2011-11-09,4
2011-11-09,12
2011-11-09,40
2011-11-09,30
2011-11-09,20
2011-11-09,6
2011-11-09,8
2011-11-09,8
2011-11-09,8
2011-11-09,8
2011-11-09,8
2011-11-09,8
2011-11-09,6
2011-11-09,10
2011-11-09,4
2011-11-09,25
2011-11-09,24
2011-11-09,4
2011-11-09,8
2011-11-09,4
2011-11-09,8
2011-11-09,12
2011-11-09,12
2011-11-09,24
2011-11-09,24
2011-11-09,24
2011-11-09,24
2011-11-09,10
2011-11-09,10
2011-11-09,20
2011-11-09,10
2011-11-09,20
2011-11-09,12
2011-11-09,6
2011-11-21,12
2011-11-21,12
2011-11-21,10
2011-11-21,12
2011-11-21,12
2011-11-21,4
2011-11-21,4
2011-11-21,4
2011-11-21,12
2011-11-21,12
2011-11-21,8
2011-11-21,6
2011-11-21,3
2011-11-21,12
2011-11-21,12
2011-11-21,4
2011-11-21,6
2011-11-21,4
2011-11-21,12
2011-11-21,12
2011-11-21,4
2011-11-21,24
2011-11-24,10
2011-11-24,20
2011-11-24,20
2011-11-24,20
2011-11-24,8
2011-11-24,4
2011-11-24,8
2011-11-24,4
2011-11-24,48
2011-11-24,24
2011-11-24,36
2011-11-24,12
2011-11-24,12
2011-11-24,24
2011-11-24,36
2011-11-24,24
2011-11-24,24
2011-11-24,12
2011-11-24,24
2011-11-24,12
2011-11-24,6
2011-11-24,2
2011-11-24,2
2011-11-24,24
2011-11-24,10
2011-11-24,10
2011-11-24,10
2011-11-24,10
2011-11-24,10
2011-11-24,10
2011-11-24,10
2011-11-24,10
2011-11-24,20
2011-11-30,6
2011-11-30,6
2011-11-30,6
2011-11-30,48
2011-11-30,4
2011-11-30,48
2011-11-30,10
2011-11-30,30
2011-11-30,20
2011-11-30,10
2011-11-30,30
2011-11-30,40
2011-11-30,40
2011-11-30,10
2011-11-30,24
2011-11-30,36
2011-11-30,24
2011-11-30,24
2011-11-30,12
2011-11-30,12
2011-11-30,36
2011-11-30,12
2011-11-30,12
2011-11-30,40
2011-11-30,30
2011-11-30,30
2011-11-30,40
2011-11-30,12
2011-11-30,12
2011-11-30,12
2011-11-30,12
2011-11-30,18
2011-11-30,12
2011-11-30,12
2011-11-30,12
2011-11-30,24
2011-11-30,2
2011-11-30,18
2011-11-30,4
2011-11-30,4
2011-11-30,12
2011-11-30,12
2011-11-30,4
2011-11-30,8
2011-11-30,4
2009-12-03,47
2009-12-03,48
2009-12-03,24
2009-12-03,10
2009-12-03,10
2009-12-03,160
2009-12-03,24
2009-12-03,24
2009-12-03,72
2009-12-03,24
2009-12-03,4
2009-12-03,4
2009-12-03,2
2009-12-03,2
2009-12-03,12
2009-12-03,24
2009-12-03,24
2009-12-03,2
2009-12-03,2
2009-12-03,4
2009-12-03,12
2009-12-03,3
2009-12-03,3
2009-12-03,4
2009-12-03,24
2009-12-03,48
2009-12-03,12
2009-12-03,6
2009-12-03,10
2009-12-03,2
2009-12-03,1
2009-12-03,6
2009-12-03,6
2009-12-03,1
2009-12-03,10
2009-12-03,20
2009-12-03,6
2009-12-03,12
2009-12-03,12
2009-12-03,12
2009-12-03,16
2009-12-03,16
2009-12-03,4
2009-12-03,2
2009-12-03,4
2009-12-03,24
2009-12-03,12
2009-12-03,4
2009-12-03,4
2009-12-03,4
2009-12-03,6
2009-12-03,6
2009-12-03,10
2009-12-03,24
2009-12-03,12
2009-12-03,10
2009-12-03,12
2009-12-03,192
2009-12-03,24
2009-12-03,10
2009-12-03,3
2009-12-11,36
2009-12-11,36
2009-12-11,24
2009-12-11,10
2009-12-11,8
2009-12-11,6
2009-12-11,24
2009-12-11,2
2009-12-11,18
2009-12-11,16
2009-12-11,24
2009-12-11,6
2009-12-11,1
2009-12-11,10
2009-12-18,36
2009-12-18,24
2009-12-18,24
2009-12-18,24
2009-12-18,72
2009-12-18,8
2009-12-18,12
2009-12-18,12
2009-12-18,2
2009-12-18,1
2009-12-18,40
2009-12-18,6
2009-12-18,6
2009-12-18,2
2009-12-18,24
2009-12-18,3
2009-12-18,2
2009-12-18,8
2009-12-18,12
2009-12-18,4
2009-12-18,12
2009-12-18,6
2009-12-18,18
2009-12-18,12
2009-12-18,1
2009-12-18,1
2010-01-08,2
2010-01-08,2
2010-01-08,4
2010-01-08,2
2010-01-08,2
2010-01-08,12
2010-01-08,12
2010-01-08,12
2010-01-08,12
2010-01-08,12
2010-01-08,10
2010-01-08,40
2010-01-08,2
2010-01-08,2
2010-01-08,1
2010-01-08,25
2010-01-08,25
2010-01-08,25
2010-01-08,25
2010-01-08,4
2010-01-08,3
2010-01-08,24
2010-01-08,4
2010-01-08,12
2010-01-08,12
2010-01-08,12
2010-01-08,12
2010-01-08,2
2010-01-08,12
2010-01-08,2
2010-01-08,72
2010-01-08,24
2010-01-08,24
2010-01-08,10
2010-01-08,10
2010-01-08,10
2010-01-08,10
2010-01-08,10
2010-01-22,20
2010-01-22,3
2010-01-22,2
2010-01-22,4
2010-01-22,6
2010-01-22,4
2010-01-22,8
2010-01-22,12
2010-01-22,12
2010-01-22,8
2010-01-22,3
2010-01-22,5
2010-01-22,2
2010-01-22,4
2010-01-22,3
2010-01-22,5
2010-01-22,24
2010-01-22,24
2010-01-22,72
2010-01-22,30
2010-01-22,10
2010-01-22,100
2010-02-18,160
2010-02-18,10
2010-02-18,10
2010-02-18,10
2010-02-18,10
2010-02-18,24
2010-02-18,24
2010-02-18,24
2010-02-18,24
2010-02-18,24
2010-02-18,6
2010-02-18,2
2010-02-18,1
2010-02-18,2
2010-02-18,4
2010-02-18,4
2010-02-18,12
2010-02-18,2
2010-02-18,12
2010-02-18,6
2010-02-18,2
2010-02-18,12
2010-02-18,12
2010-02-18,12
2010-02-18,12
2010-02-18,12
2010-02-18,10
2010-02-18,10
2010-02-18,12
2010-02-18,3
2010-02-18,3
2010-02-18,2
2010-02-18,2
2010-02-18,2
2010-02-18,2
2010-02-18,2
2010-02-18,6
2010-02-18,2
2010-03-12,20
2010-03-12,10
2010-03-12,10
2010-03-12,10
2010-03-12,6
2010-03-12,144
2010-03-12,1
2010-03-12,6
2010-03-12,12
2010-03-12,8
2010-03-12,8
2010-03-12,2
2010-03-12,4
2010-03-12,4
2010-03-12,4
2010-03-12,8
2010-03-12,12
2010-03-12,24
2010-03-12,4
2010-03-12,4
2010-03-12,12
2010-03-12,12
2010-04-29,10
2010-04-29,4
2010-04-29,2
2010-04-29,4
2010-04-29,2
2010-04-29,1
2010-04-29,1
2010-04-29,4
2010-04-29,6
2010-04-29,3
2010-04-29,3
2010-04-29,6
2010-04-29,25
2010-04-29,1
2010-04-29,4
2010-04-29,12
2010-04-29,72
2010-04-29,10
2010-04-29,10
2010-04-29,10
2010-04-29,160
2010-04-29,4
2010-04-29,2
2010-04-29,4
2010-04-29,6
2010-04-29,4
2010-04-29,3
2010-04-29,3
2010-04-29,3
2010-04-29,3
2010-04-29,4
2010-04-29,4
2010-04-29,4
2010-04-29,6
2010-04-29,3
2010-04-29,2
2010-04-29,3
2010-04-29,8
2010-04-29,2
2010-04-29,2
2010-04-29,4
2010-04-29,1
2010-05-19,10
2010-05-19,10
2010-05-19,10
2010-05-19,10
2010-05-19,72
2010-05-19,4
2010-05-19,4
2010-05-19,12
2010-05-19,8
2010-05-19,2
2010-05-19,2
2010-05-19,3
2010-05-19,6
2010-05-19,6
2010-05-19,6
2010-05-19,5
2010-05-19,5
2010-05-19,6
2010-05-19,4
2010-05-19,4
2010-05-19,4
2010-05-19,2
2010-05-19,4
2010-05-28,72
2010-05-28,8
2010-05-28,4
2010-05-28,8
2010-05-28,4
2010-05-28,1
2010-05-28,5
2010-05-28,15
2010-05-28,6
2010-06-11,144
2010-06-11,12
2010-06-11,4
2010-06-11,8
2010-06-11,12
2010-06-11,6
2010-06-11,3
2010-06-16,2
2010-06-16,16
2010-06-16,12
2010-06-16,4
2010-06-16,12
2010-06-16,4
2010-06-16,2
2010-06-16,3
2010-06-16,3
2010-06-16,4
2010-06-16,7
2010-06-16,2
2010-06-16,2
2010-06-16,2
2010-06-16,2
2010-06-16,2
2010-07-09,6
2010-07-09,6
2010-07-09,32
2010-07-09,4
2010-07-09,6
2010-07-09,12
2010-07-09,1
2010-07-09,1
2010-07-09,12
2010-07-09,2
2010-07-09,10
2010-07-09,10
2010-07-09,8
2010-07-09,8
2010-07-21,6
2010-07-21,2
2010-07-21,12
2010-07-21,16
2010-07-21,5
2010-07-21,6
2010-07-21,6
2010-07-21,8
2010-07-21,12
2010-07-21,12
2010-07-21,12
2010-07-21,12
2010-07-21,1
2010-07-21,24
2010-07-21,6
2010-07-21,4
2010-07-21,5
2010-07-21,4
2010-07-21,24
2010-07-21,8
2010-07-21,72
2010-07-21,4
2010-07-21,160
2010-07-21,1
2010-07-21,3
2010-07-21,4
2010-07-21,4
2010-07-21,2
2010-07-21,4
2010-07-21,3
2010-07-21,3
2010-07-21,3
2010-07-21,3
2010-07-21,4
2010-07-21,1
2010-07-30,9
2010-07-30,6
2010-07-30,3
2010-07-30,8
2010-07-30,72
2010-07-30,10
2010-08-13,6
2010-08-13,10
2010-08-13,6
2010-08-13,4
2010-08-13,24
2010-08-13,72
2010-08-13,48
2010-08-13,64
2010-08-13,10
2010-08-13,10
2010-08-13,20
2010-08-13,8
2010-08-13,8
2010-08-13,24
2010-08-13,6
2010-08-13,2
2010-08-13,3
2010-08-13,1
2010-08-13,6
2010-08-13,6
2010-08-13,6
2010-08-13,6
2010-08-13,12
2010-08-13,6
2010-08-13,6
2010-08-13,6
2010-08-13,6
2010-08-13,10
2010-08-26,16
2010-08-26,12
2010-08-26,10
2010-08-26,10
2010-08-26,12
2010-08-26,12
2010-08-26,12
2010-08-26,24
2010-08-26,12
2010-08-26,3
2010-08-26,6
2010-08-26,6
2010-08-26,6
2010-08-26,4
2010-08-26,3
2010-08-26,12
2010-08-26,12
2010-08-26,6
2010-08-26,6
2010-08-26,3
2010-09-24,12
2010-09-24,24
2010-09-24,24
2010-09-24,144
2010-09-24,24
2010-09-24,16
2010-09-24,20
2010-09-24,10
2010-09-24,10
2010-09-24,20
2010-09-24,10
2010-09-24,12
2010-09-24,12
2010-09-24,24
2010-09-24,6
2010-09-24,6
2010-09-24,50
2010-09-24,12
2010-09-24,20
2010-09-24,12
2010-09-24,12
2010-10-07,12
2010-10-07,24
2010-10-07,12
2010-10-07,12
2010-10-07,4
2010-10-07,4
2010-10-07,4
2010-10-07,10
2010-10-07,6
2010-10-07,12
2010-10-07,24
2010-10-07,24
2010-10-07,24
2010-10-07,24
2010-10-07,10
2010-10-07,144
2010-10-07,96
2010-10-20,1
2010-10-20,2
2010-10-20,8
2010-10-20,4
2010-10-20,4
2010-10-20,4
2010-10-20,3
2010-10-20,12
2010-10-20,12
2010-10-20,12
2010-10-20,12
2010-10-20,6
2010-10-20,12
2010-10-20,12
2010-10-20,1
2010-10-20,48
2010-10-20,160
2010-10-20,64
2010-10-20,10
2010-10-20,24
2010-10-20,288
2010-10-20,16
2010-10-20,10
2010-10-20,10
2010-11-10,12
2010-11-10,12
2010-11-10,6
2010-11-10,6
2010-11-10,8
2010-11-10,8
2010-11-10,10
2010-11-10,10
2010-11-10,10
2010-11-10,96
2010-11-10,96
2010-11-10,96
2010-11-10,24
2010-11-10,24
2010-11-10,72
2010-11-26,24
2010-11-26,144
2010-12-02,24
2010-12-02,16
2010-12-02,12
2010-12-02,24
2010-12-02,36
2010-12-02,48
2010-12-02,48
2010-12-02,72
2010-12-02,10
2010-12-02,10
2010-12-02,4
2010-12-02,10
2010-12-02,6
2010-12-02,6
2010-12-02,12
2010-12-02,12
2010-12-02,8
2010-12-02,10
2010-12-02,72
2010-12-02,6
2010-12-02,2
2010-12-02,48
2010-12-02,6
2010-12-02,12
2010-12-02,17
2010-12-09,72
2010-12-09,10
2010-12-09,72
2010-12-17,144
2010-12-17,24
2010-12-17,24
2010-12-17,72
2010-12-17,16
2010-12-17,24
2011-01-06,144
2011-01-06,16
2011-01-06,24
2011-01-06,20
2011-01-06,10
2011-01-06,144
2011-01-06,6
2011-01-06,12
2011-01-06,12
2011-01-06,16
2011-01-19,10
2011-01-19,24
2011-01-19,216
2011-01-19,64
2011-01-19,1
2011-01-19,8
2011-03-04,48
2011-03-04,10
2011-03-04,6
2011-03-04,32
2011-03-04,48
2011-03-04,4
2011-03-04,4
2011-03-04,4
2011-03-04,1
2011-03-04,144
2011-03-31,24
2011-03-31,48
2011-03-31,24
2011-03-31,96
2011-03-31,24
2011-04-21,1
2011-04-21,1
2011-04-21,1
2011-04-21,1
2011-04-21,1
2011-04-21,1
2011-04-21,1
2011-04-21,6
2011-04-21,1
2011-04-21,1
2011-04-21,1
2011-04-21,1
2011-04-21,1
2011-04-21,3
2011-04-21,4
2011-04-21,2
2011-04-21,4
2011-04-21,1
2011-04-21,1
2011-04-21,1
2011-04-21,1
2011-04-21,11
2011-04-21,3
2011-04-21,2
2011-04-21,2
2011-04-21,1
2011-04-21,4
2011-04-21,4
2011-04-21,3
2011-04-21,12
2011-04-21,25
2011-04-21,8
2011-04-21,160
2011-04-21,10
2011-04-21,4
2011-04-21,8
2011-04-21,4
2011-04-21,144
2011-05-13,4
2011-05-13,4
2011-05-13,4
2011-05-13,4
2011-05-27,24
2011-05-27,64
2011-05-27,8
2011-05-27,4
2011-05-27,4
2011-05-27,16
2011-05-27,12
2011-05-27,4
2011-05-27,3
2011-05-27,4
2011-05-27,48
2011-05-27,2
2011-05-27,24
2011-05-27,12
2011-05-27,12
2011-05-27,12
2011-05-27,12
2011-05-27,4
2011-05-27,4
2011-05-27,6
2011-05-27,30
2011-05-27,2
2011-05-27,2
2011-05-27,2
2011-05-27,12
2011-05-27,10
2011-06-24,10
2011-06-24,12
2011-06-24,24
2011-06-24,12
2011-06-24,12
2011-06-24,4
2011-06-24,12
2011-06-24,8
2011-06-24,4
2011-06-24,4
2011-06-24,12
2011-06-24,8
2011-06-24,12
2011-06-24,12
2011-06-24,8
2011-06-24,8
2011-06-24,8
2011-06-24,1
2011-06-24,1
2011-06-24,1
2011-06-24,1
2011-08-05,10
2011-08-05,10
2011-08-05,24
2011-08-05,24
2011-08-05,1
2011-08-05,2
2011-08-05,2
2011-08-05,12
2011-08-05,12
2011-08-05,2
2011-08-05,25
2011-08-05,20
2011-08-05,24
2011-08-05,12
2011-08-05,12
2011-08-05,144
2011-08-05,16
2011-08-05,12
2011-08-05,12
2011-08-05,12
2011-09-26,24
2011-09-26,24
2011-09-26,24
2011-09-26,12
2011-09-26,12
2011-09-26,144
2011-09-26,64
2011-09-26,20
2011-09-26,10
2011-09-26,160
2011-09-26,12
2011-09-26,12
2011-09-26,24
2011-09-26,24
2011-09-26,24
2011-09-26,3
2011-09-26,6
2011-09-26,10
2011-09-26,72
2011-09-26,9
2011-10-03,200
2011-10-03,200
2011-10-21,12
2011-10-21,4
2011-10-21,8
2011-10-21,2
2011-10-21,2
2011-10-21,8
2011-10-21,6
2011-10-21,6
2011-10-21,6
2011-10-21,12
2011-10-21,12
2011-10-21,16
2011-10-21,4
2011-10-21,1
2011-10-21,12
2011-10-21,4
2011-10-21,5
2011-10-21,3
2011-10-21,2
2011-10-21,6
2011-10-21,3
2011-10-21,12
2011-10-21,12
2011-11-18,12
2011-11-18,48
2011-11-18,20
2011-11-18,48
2011-11-18,18
2011-11-18,18
2011-11-18,30
2011-11-18,36
2011-11-18,160
2011-11-18,16
2011-11-18,144
2011-11-18,8
2011-11-18,12
2011-11-18,12
2011-11-18,25
2011-11-18,96
2011-11-18,16
2011-11-18,22
2011-11-18,2
2011-11-18,8
2011-11-18,40
2011-11-18,15
2011-12-02,24
2011-12-02,24
2011-12-02,10
2011-12-02,12
2011-12-02,24
2011-12-02,12
2011-12-02,16
2011-12-02,12
2011-12-02,12
2009-12-04,60
2009-12-04,10
2009-12-04,20
2009-12-04,30
2009-12-04,30
2009-12-04,24
2009-12-04,40
2009-12-04,6
2009-12-04,48
2009-12-04,24
2009-12-04,24
2009-12-04,10
2009-12-04,24
2009-12-04,6
2010-01-06,20
2010-01-06,18
2010-01-06,20
2010-01-06,100
2010-01-06,36
2010-01-06,12
2010-01-06,16
2010-01-06,6
2010-01-06,12
2010-01-06,100
2010-01-06,24
2010-01-06,24
2010-01-06,100
2010-01-06,24
2010-01-06,30
2010-01-06,24
2010-01-06,72
2010-01-06,12
2010-01-06,12
2010-01-06,36
2010-01-06,32
2010-01-06,10
2010-01-06,20
2010-01-27,24
2010-01-27,24
2010-01-27,20
2010-01-27,12
2010-01-27,72
2010-01-27,64
2010-01-27,256
2010-01-27,24
2010-01-27,48
2010-01-27,16
2010-02-15,20
2010-02-15,16
2010-02-15,12
2010-02-15,12
2010-02-15,20
2010-02-15,30
2010-02-15,30
2010-02-15,24
2010-02-15,100
2010-02-15,100
2010-02-15,18
2010-02-15,36
2010-02-15,32
2010-02-15,20
2010-02-15,20
2010-02-15,48
2010-02-15,10
2010-03-18,288
2010-03-18,30
2010-03-18,14
2010-03-18,20
2010-03-18,72
2010-03-18,18
2010-03-18,32
2010-03-18,32
2010-03-18,48
2010-03-18,10
2010-03-18,16
2010-03-18,6
2010-03-18,12
2010-03-18,24
2010-03-18,48
2010-03-18,24
2010-03-18,480
2010-03-18,96
2010-03-18,20
2010-03-18,16
2010-03-18,24
2010-04-16,24
2010-04-16,12
2010-04-16,96
2010-04-16,96
2010-04-16,72
2010-04-16,96
2010-05-05,10
2010-05-05,100
2010-05-05,24
2010-05-05,12
2010-05-05,10
2010-05-05,16
2010-05-05,18
2010-05-05,36
2010-05-05,480
2010-05-21,48
2010-05-21,32
2010-05-21,60
2010-05-21,24
2010-05-21,48
2010-06-16,16
2010-06-16,16
2010-06-16,960
2010-06-16,36
2010-06-16,96
2010-06-16,96
2010-06-16,40
2010-06-16,30
2010-06-16,24
2010-06-16,10
2010-06-16,10
2010-06-16,10
2010-06-16,36
2010-06-16,48
2010-06-16,16
2010-07-14,24
2010-07-14,960
2010-07-14,24
2010-07-14,100
2010-07-14,30
2010-07-14,288
2010-07-14,100
2010-07-14,72
2010-07-14,72
2010-07-14,18
2010-07-14,12
2010-07-14,10
2010-07-14,10
2010-07-14,12
2010-07-14,72
2010-07-14,48
2010-07-14,10
2010-07-14,24
2010-07-28,480
2010-07-28,24
2010-07-28,40
2010-07-28,24
2010-07-28,36
2010-07-28,10
2010-07-28,16
2010-07-28,6
2010-07-28,10
2010-08-25,32
2010-08-25,12
2010-08-25,40
2010-08-25,100
2010-08-25,60
2010-08-25,60
2010-08-25,24
2010-08-25,24
2010-08-25,10
2010-08-25,48
2010-08-25,24
2010-08-25,32
2010-08-25,16
2010-09-30,96
2010-09-30,16
2010-09-30,100
2010-09-30,10
2010-09-30,60
2010-09-30,80
2010-09-30,40
2010-09-30,100
2010-09-30,100
2010-09-30,100
2010-09-30,18
2010-09-30,24
2010-09-30,10
2010-09-30,6
2010-09-30,12
2010-09-30,48
2010-11-09,24
2010-11-09,60
2010-11-09,18
2010-11-09,10
2010-11-09,10
2010-11-09,10
2010-11-09,10
2010-11-09,16
2010-11-09,24
2010-11-09,12
2010-11-09,12
2010-11-09,24
2010-11-09,12
2011-01-06,72
2011-01-06,36
2011-01-06,24
2011-01-06,30
2011-01-06,60
2011-01-06,100
2011-01-06,100
2011-01-06,24
2011-01-06,60
2011-01-06,72
2011-01-06,72
2011-01-06,36
2011-01-06,64
2011-01-06,10
2011-01-06,30
2011-01-06,100
2011-01-06,96
2011-01-06,96
2011-01-06,216
2011-01-06,24
2011-01-06,32
2011-01-06,256
2011-01-06,10
2011-01-06,10
2011-01-06,32
2011-01-06,16
2011-01-06,12
2011-01-06,12
2011-01-06,12
2011-01-06,12
2011-01-06,72
2011-02-14,30
2011-02-14,100
2011-02-14,30
2011-02-14,64
2011-02-14,256
2011-02-14,12
2011-02-14,16
2011-02-14,72
2011-02-14,144
2011-03-20,60
2011-03-20,10
2011-03-20,10
2011-03-20,32
2011-03-20,24
2011-03-20,48
2011-04-08,18
2011-04-08,32
2011-04-08,1200
2011-04-08,10
2011-04-08,24
2011-04-08,12
2011-05-24,12
2011-05-24,64
2011-05-24,14
2011-05-24,96
2011-05-24,96
2011-05-24,100
2011-05-24,12
2011-05-24,10
2011-05-24,12
2011-05-24,48
2011-05-24,20
2011-05-24,32
2011-05-24,16
2011-05-24,32
2011-05-24,72
2011-07-11,10
2011-07-11,24
2011-07-11,48
2011-07-11,48
2011-07-11,10
2011-07-11,12
2011-07-11,10
2011-07-11,96
2011-07-11,256
2011-07-11,12
2011-07-11,50
2011-07-11,20
2011-07-11,24
2011-07-11,32
2011-07-11,10
2011-07-11,12
2011-07-11,36
2011-07-11,48
2011-07-11,12
2011-07-11,12
2011-09-11,100
2011-09-11,100
2011-09-11,18
2011-09-11,96
2011-09-11,48
2011-09-11,60
2011-09-11,60
2011-09-11,12
2011-09-11,48
2011-09-11,10
2011-09-11,96
2011-09-11,10
2011-09-11,10
2011-09-11,12
2011-09-11,16
2011-09-11,48
2011-11-30,24
2011-11-30,24
2011-11-30,36
2011-11-30,72
2011-11-30,480
2011-11-30,100
2011-11-30,100
2011-11-30,100
2009-12-09,24
2009-12-09,24
2009-12-09,20
2009-12-09,20
2009-12-09,20
2009-12-09,24
2009-12-09,24
2009-12-09,24
2009-12-09,4
2009-12-09,20
2009-12-09,20
2009-12-09,12
2009-12-09,40
2009-12-09,48
2009-12-09,48
2009-12-09,72
2009-12-09,24
2009-12-09,24
2009-12-09,40
2009-12-09,12
2009-12-09,100
2009-12-09,12
2009-12-09,24
2009-12-09,12
2009-12-09,6
2009-12-09,36
2009-12-09,12
2009-12-09,12
2009-12-09,12
2009-12-09,36
2009-12-09,120
2009-12-09,144
2009-12-09,96
2009-12-09,72
2009-12-09,10
2009-12-09,10
2009-12-09,10
2009-12-09,144
2009-12-09,24
2009-12-09,12
2009-12-09,48
2009-12-09,48
2010-01-19,6
2010-01-19,10
2010-01-19,10
2010-01-19,10
2010-01-19,144
2010-01-19,6
2010-01-19,24
2010-01-19,6
2010-01-19,36
2010-01-19,64
2010-01-19,20
2010-01-19,20
2010-01-19,20
2010-01-19,24
2010-01-19,6
2010-01-19,24
2010-01-19,25
2010-01-19,25
2010-01-19,25
2010-01-19,25
2010-01-19,25
2010-01-19,25
2010-01-19,25
2010-01-19,18
2010-01-19,12
2010-01-19,12
2010-01-19,12
2010-01-19,12
2010-01-19,12
2010-01-19,24
2010-01-19,12
2010-01-19,6
2010-01-19,6
2010-01-19,72
2010-01-19,72
2010-01-19,32
2010-01-19,36
2010-01-19,32
2010-01-19,10
2010-01-19,12
2010-01-19,25
2010-01-19,25
2010-01-19,25
2010-01-19,40
2010-01-19,40
2010-01-19,32
2010-01-19,12
2010-01-19,24
2010-01-19,24
2010-01-19,1
2010-01-31,50
2010-01-31,50
2010-01-31,100
2010-01-31,50
2010-01-31,50
2010-01-31,100
2010-01-31,10
2010-03-02,10
2010-03-02,10
2010-03-02,12
2010-03-02,12
2010-03-02,4
2010-03-02,2
2010-03-02,2
2010-03-02,2
2010-03-02,6
2010-03-02,6
2010-03-02,12
2010-03-02,12
2010-03-02,12
2010-03-02,12
2010-03-02,1
2010-03-02,8
2010-03-02,3
2010-03-02,6
2010-03-02,6
2010-03-02,144
2010-03-02,48
2010-03-02,12
2010-03-02,12
2010-03-02,12
2010-03-02,10
2010-03-02,36
2010-03-02,12
2010-03-02,6
2010-03-02,6
2010-03-02,8
2010-03-02,6
2010-03-02,24
2010-03-02,24
2010-03-02,48
2010-03-02,48
2010-03-02,48
2010-03-02,36
2010-04-12,10
2010-04-12,10
2010-04-12,10
2010-04-12,8
2010-04-12,16
2010-04-12,12
2010-04-12,24
2010-04-12,160
2010-04-12,36
2010-04-12,36
2010-04-12,48
2010-04-12,24
2010-04-12,24
2010-04-12,12
2010-04-12,12
2010-04-12,12
2010-04-12,12
2010-04-12,24
2010-04-12,32
2010-04-12,6
2010-04-12,20
2010-04-12,12
2010-04-12,48
2010-04-12,64
2010-04-12,72
2010-04-12,36
2010-04-12,144
2010-04-12,6
2010-04-12,12
2010-04-12,12
2010-04-12,12
2010-04-12,48
2010-04-12,48
2010-04-12,96
2010-04-12,96
2010-04-12,12
2010-04-12,4
2010-04-12,48
2010-04-12,48
2010-04-12,6
2010-04-12,12
2010-04-12,12
2010-04-12,4
2010-04-12,4
2010-04-12,96
2010-04-12,96
2010-04-12,24
2010-04-12,24
2010-04-12,96
2010-04-12,4
2010-04-12,4
2010-04-12,4
2010-04-12,6
2010-05-20,10
2010-05-20,48
2010-05-20,36
2010-05-20,8
2010-05-20,8
2010-05-20,4
2010-05-20,4
2010-05-20,4
2010-05-20,4
2010-05-20,48
2010-05-20,8
2010-05-20,8
2010-06-04,24
2010-06-04,20
2010-06-04,12
2010-06-04,12
2010-06-04,10
2010-06-04,10
2010-06-04,10
2010-06-04,20
2010-06-04,20
2010-06-04,24
2010-06-04,12
2010-06-04,24
2010-06-04,12
2010-06-04,12
2010-06-04,12
2010-06-04,16
2010-06-04,12
2010-06-04,64
2010-06-04,10
2010-06-04,10
2010-06-04,10
2010-06-04,12
2010-06-04,96
2010-06-04,144
2010-06-04,8
2010-06-04,24
2010-07-05,10
2010-07-05,20
2010-07-05,24
2010-07-05,36
2010-07-05,48
2010-07-05,6
2010-07-05,3
2010-07-05,8
2010-07-05,4
2010-07-05,144
2010-07-05,12
2010-07-05,144
2010-07-05,6
2010-07-05,8
2010-07-05,12
2010-07-05,12
2010-07-05,12
2010-07-05,12
2010-07-05,18
2010-07-05,18
2010-07-05,6
2010-07-05,48
2010-07-05,12
2010-07-05,12
2010-07-05,72
2010-07-05,10
2010-07-05,10
2010-09-06,12
2010-09-06,100
2010-09-06,32
2010-09-06,36
2010-09-06,3
2010-09-06,4
2010-09-06,36
2010-09-06,48
2010-09-06,12
2010-09-06,18
2010-09-06,6
2010-09-06,12
2010-09-06,12
2010-09-06,32
2010-09-06,3
2010-09-06,144
2010-09-06,10
2010-09-06,10
2010-09-06,10
2010-09-21,72
2010-09-21,25
2010-09-21,144
2010-09-21,6
2010-09-21,48
2010-09-21,48
2010-09-21,12
2010-09-21,8
2010-09-21,36
2010-09-21,36
2010-09-21,48
2010-09-21,48
2010-09-21,4
2010-09-21,8
2010-09-21,3
2010-09-21,8
2010-09-21,96
2010-09-21,12
2010-09-21,6
2010-09-21,120
2010-09-21,48
2010-09-21,2
2010-09-21,12
2010-09-21,72
2010-09-21,40
2010-09-21,432
2010-09-21,432
2010-09-21,100
2010-09-21,100
2010-09-21,100
2010-09-21,100
2010-09-21,100
2010-09-21,10
2010-09-21,10
2010-09-21,10
2010-09-21,10
2010-09-21,10
2010-09-21,10
2010-09-21,10
2010-09-21,10
2010-09-21,10
2010-09-21,10
2010-09-21,10
2010-09-21,24
2010-09-21,12
2010-09-21,12
2010-09-21,18
2010-09-21,12
2010-09-21,72
2010-09-21,48
2010-09-21,96
2010-09-21,192
2010-09-21,216
2010-09-21,8
2010-09-21,120
2010-09-21,96
2010-09-21,96
2010-09-21,144
2010-09-21,24
2010-09-21,48
2010-09-21,24
2010-09-21,48
2010-09-21,24
2010-09-21,24
2010-09-21,24
2010-09-21,24
2010-09-21,6
2010-09-21,36
2010-09-21,12
2010-09-21,36
2010-09-21,6
2010-09-21,120
2010-09-21,120
2010-09-21,96
2010-09-21,25
2010-09-21,25
2010-09-27,12
2010-09-27,60
2010-09-27,60
2010-09-27,60
2010-09-27,60
2010-09-27,6
2010-09-27,36
2010-09-27,12
2010-10-01,100
2010-11-02,12
2010-11-02,144
2010-11-02,144
2010-11-02,24
2010-11-02,144
2010-11-02,120
2010-11-02,120
2010-11-02,80
2010-11-02,144
2010-11-02,8
2010-11-02,192
2010-11-02,48
2010-11-02,288
2010-11-02,96
2010-11-02,96
2010-11-02,96
2010-11-02,96
2010-11-02,72
2010-11-02,72
2010-11-02,80
2010-11-02,12
2010-11-02,10
2010-11-02,24
2010-11-02,24
2010-11-02,120
2010-11-02,200
2010-11-02,12
2010-11-02,48
2010-11-02,48
2010-11-02,48
2010-11-02,72
2010-11-02,144
2010-11-02,144
2010-11-02,48
2010-11-02,6
2010-11-02,8
2010-11-02,10
2010-11-02,10
2010-11-02,120
2010-11-02,12
2010-11-02,8
2010-11-02,40
2010-11-02,20
2010-11-02,108
2010-11-02,72
2010-11-02,72
2010-11-02,120
2010-11-02,20
2010-11-02,144
2010-11-02,48
2010-11-02,144
2010-11-02,96
2010-11-02,48
2010-11-02,100
2010-11-02,12
2010-11-02,4
2010-11-02,10
2010-11-02,10
2010-11-02,4
2010-11-02,4
2010-11-02,2
2010-11-02,2
2010-11-04,80
2010-12-16,16
2010-12-16,36
2010-12-16,144
2010-12-16,72
2010-12-16,72
2010-12-16,8
2010-12-16,144
2010-12-16,12
2010-12-16,12
2010-12-16,10
2010-12-16,10
2010-12-16,96
2010-12-16,24
2010-12-16,24
2010-12-16,48
2011-02-01,24
2011-02-01,36
2011-02-01,64
2011-02-01,10
2011-02-01,10
2011-02-01,72
2011-02-01,4
2011-02-01,36
2011-02-01,6
2011-02-01,18
2011-02-01,10
2011-02-01,4
2011-02-01,24
2011-02-01,4
2011-02-01,3
2011-02-01,72
2011-02-01,48
2011-02-01,24
2011-02-01,48
2011-02-01,144
2011-02-01,48
2011-02-01,24
2011-02-01,48
2011-02-01,6
2011-02-01,8
2011-02-01,4
2011-02-01,12
2011-02-01,12
2011-02-01,32
2011-02-01,12
2011-02-01,12
2011-02-01,72
2011-02-01,4
2011-02-01,96
2011-02-01,24
2011-02-01,2
2011-02-01,25
2011-02-01,25
2011-02-01,25
2011-02-01,4
2011-02-01,4
2011-02-01,12
2011-02-01,12
2011-04-12,36
2011-04-12,20
2011-04-12,20
2011-04-12,24
2011-04-12,50
2011-04-12,36
2011-04-12,25
2011-04-12,12
2011-04-12,6
2011-04-12,12
2011-04-12,12
2011-04-12,4
2011-04-12,36
2011-04-12,64
2011-04-12,10
2011-04-12,10
2011-04-12,10
2011-04-12,36
2011-04-12,4
2011-04-12,2
2011-04-12,2
2011-04-12,2
2011-04-12,24
2011-04-12,20
2011-05-16,144
2011-05-16,24
2011-05-16,50
2011-05-16,12
2011-05-16,12
2011-05-16,32
2011-05-16,12
2011-05-16,48
2011-05-16,12
2011-05-16,2
2011-05-16,2
2011-05-16,2
2011-05-16,36
2011-05-16,64
2011-05-16,10
2011-05-16,10
2011-05-16,10
2011-05-16,10
2011-05-16,10
2011-05-16,2
2011-05-16,48
2011-05-16,12
2011-05-16,36
2011-05-16,20
2011-07-18,50
2011-07-18,8
2011-07-18,8
2011-07-18,8
2011-07-18,8
2011-07-18,12
2011-07-18,10
2011-07-18,24
2011-07-18,12
2011-07-18,12
2011-07-18,12
2011-07-18,4
2011-07-18,2
2011-07-18,2
2011-07-18,24
2011-07-18,24
2011-07-18,24
2011-07-18,2
2011-07-18,2
2011-07-18,2
2011-07-18,2
2011-07-18,36
2011-07-18,32
2011-07-18,10
2011-07-18,10
2011-07-18,10
2011-07-18,10
2011-07-18,18
2011-07-18,4
2011-07-18,2
2011-07-18,36
2011-07-18,24
2011-07-18,36
2011-09-02,25
2011-09-02,8
2011-09-02,4
2011-09-02,48
2011-09-02,4
2011-09-02,24
2011-09-02,12
2011-09-02,24
2011-09-02,12
2011-09-02,12
2011-09-02,48
2011-09-02,12
2011-09-02,6
2011-09-02,12
2011-09-02,2
2011-09-02,2
2011-09-02,2
2011-09-02,2
2011-09-02,4
2011-09-02,4
2011-09-02,4
2011-09-02,4
2011-09-02,96
2011-09-02,10
2011-09-02,10
2011-09-02,10
2011-09-02,10
2011-09-02,4
2011-09-02,8
2011-09-02,12
2011-09-02,2
2011-09-25,32
2011-09-25,32
2011-09-25,12
2011-09-25,24
2011-09-25,6
2011-09-25,6
2011-09-25,12
2011-09-25,6
2011-09-25,24
2011-09-25,24
2011-09-25,40
2011-09-25,4
2011-09-25,12
2011-09-25,14
2011-09-26,6
2011-09-26,6
2011-09-26,6
2011-10-20,6
2011-10-20,6
2011-10-20,12
2011-10-20,12
2011-10-20,12
2011-10-20,12
2011-10-20,2
2011-10-20,4
2011-10-20,24
2011-10-20,24
2011-10-31,96
2011-10-31,96
2011-10-31,12
2011-10-31,10
2011-10-31,10
2011-10-31,10
2011-10-31,10
2011-10-31,10
2011-10-31,4
2011-10-31,12
2011-10-31,6
2011-10-31,2
2011-10-31,8
2011-10-31,4
2011-10-31,4
2011-10-31,4
2011-10-31,4
2011-10-31,12
2011-10-31,8
2011-10-31,8
2011-10-31,8
2011-10-31,8
2011-10-31,8
2011-10-31,2
2011-10-31,4
2011-10-31,36
2011-10-31,10
2011-10-31,32
2011-10-31,10
2011-10-31,10
2011-10-31,10
2011-10-31,12
2011-10-31,24
2011-10-31,36
2011-10-31,18
2011-10-31,12
2011-10-31,36
2011-10-31,12
2011-10-31,10
2011-11-28,24
2011-11-28,24
2011-11-28,18
2011-11-28,2
2011-11-28,2
2011-11-28,36
2011-11-28,4
2011-11-28,6
2011-11-28,18
2011-11-28,12
2011-11-28,24
2011-11-28,24
2011-11-28,24
2011-11-28,24
2011-11-28,6
2011-11-28,48
2011-11-28,24
2011-11-28,24
2011-11-28,48
2011-11-28,2
2011-11-28,4
2011-11-28,2
2011-11-28,2
2011-11-28,8
2011-11-28,8
2011-11-28,6
2011-11-28,10
2011-11-28,24
2011-11-28,12
2011-11-28,12
2011-12-09,48
2011-12-09,4
2011-12-09,4
2011-12-09,4
2009-12-10,18
2009-12-10,12
2009-12-10,16
2009-12-10,24
2009-12-10,32
2009-12-15,48
2009-12-15,16
2009-12-21,24
2009-12-21,24
2009-12-21,16
2009-12-21,18
2009-12-21,32
2009-12-21,12
2009-12-21,48
2009-12-21,48
2009-12-21,48
2009-12-21,24
2009-12-21,16
2010-01-06,32
2010-01-06,2
2010-01-06,18
2010-01-06,48
2010-01-06,48
2010-01-06,12
2010-01-06,3
2010-01-06,4
2010-01-06,4
2010-01-06,6
2010-01-24,64
2010-01-24,8
2010-01-24,9
2010-01-24,6
2010-01-24,8
2010-01-24,8
2010-01-24,12
2010-01-24,12
2010-02-02,40
2010-02-02,18
2010-02-02,12
2010-02-02,32
2010-02-02,8
2010-02-02,8
2010-02-02,4
2010-02-02,24
2010-02-02,12
2010-02-02,24
2010-02-02,12
2010-02-02,12
2010-02-02,12
2010-02-02,12
2010-02-02,12
2010-02-02,12
2010-02-02,12
2010-02-02,12
2010-02-02,12
2010-02-02,2
2010-02-02,12
2010-02-02,12
2010-02-02,12
2010-02-02,10
2010-02-02,24
2010-02-02,24
2010-02-02,16
2010-02-02,24
2010-02-02,24
2010-02-02,40
2010-02-02,48
2010-02-02,24
2010-02-02,48
2010-02-02,6
2010-02-02,6
2010-02-02,4
2010-02-02,6
2010-02-12,24
2010-02-12,12
2010-02-12,6
2010-02-12,64
2010-02-12,12
2010-02-22,16
2010-02-22,2
2010-02-22,2
2010-02-22,24
2010-02-22,24
2010-02-25,18
2010-02-25,32
2010-02-25,8
2010-03-07,24
2010-03-07,12
2010-03-07,48
2010-03-07,24
2010-03-07,27
2010-03-07,30
2010-03-07,24
2010-03-23,28
2010-03-23,1
2010-03-23,1
2010-03-23,32
2010-03-23,160
2010-03-23,20
2010-03-23,12
2010-03-23,12
2010-04-11,10
2010-04-11,10
2010-04-11,30
2010-04-11,24
2010-04-11,24
2010-04-11,24
2010-04-11,32
2010-04-11,24
2010-04-11,12
2010-04-11,12
2010-04-11,48
2010-04-11,48
2010-04-11,12
2010-04-11,24
2010-04-22,18
2010-04-22,8
2010-04-22,12
2010-04-22,12
2010-04-22,8
2010-04-22,48
2010-04-22,12
2010-05-02,4
2010-05-02,4
2010-05-02,2
2010-05-02,2
2010-05-02,6
2010-05-02,6
2010-05-02,8
2010-05-02,8
2010-05-02,8
2010-05-02,8
2010-05-02,8
2010-05-02,8
2010-05-02,8
2010-05-02,8
2010-05-02,8
2010-05-02,8
2010-05-02,8
2010-05-02,8
2010-05-02,12
2010-05-09,24
2010-05-09,24
2010-05-09,6
2010-05-09,12
2010-05-09,48
2010-05-09,24
2010-05-09,12
2010-05-09,12
2010-05-09,12
2010-05-21,6
2010-05-21,15
2010-05-21,20
2010-05-21,64
2010-05-21,10
2010-05-21,5
2010-06-03,8
2010-06-03,8
2010-06-03,8
2010-06-03,8
2010-06-03,32
2010-06-03,2
2010-06-03,12
2010-06-03,12
2010-06-03,12
2010-06-03,12
2010-06-03,4
2010-06-03,15
2010-06-03,4
2010-06-03,48
2010-06-03,18
2010-06-03,10
2010-06-17,18
2010-06-17,32
2010-06-17,48
2010-06-17,48
2010-06-17,24
2010-06-17,36
2010-06-17,36
2010-06-17,24
2010-06-17,36
2010-06-17,6
2010-06-17,8
2010-06-17,18
2010-06-17,36
2010-06-17,24
2010-06-17,24
2010-07-01,20
2010-07-01,20
2010-07-01,16
2010-07-01,24
2010-07-01,12
2010-07-01,12
2010-07-01,24
2010-07-01,24
2010-07-01,12
2010-07-01,24
2010-07-01,36
2010-07-01,24
2010-07-13,12
2010-07-13,32
2010-07-13,4
2010-07-13,4
2010-07-13,8
2010-07-13,48
2010-07-13,36
2010-07-29,24
2010-07-29,12
2010-07-29,6
2010-07-29,15
2010-07-29,15
2010-07-29,16
2010-07-29,12
2010-07-29,18
2010-07-29,6
2010-07-29,24
2010-07-29,12
2010-08-11,24
2010-08-11,32
2010-08-11,36
2010-08-11,60
2010-08-11,48
2010-08-11,5
2010-08-11,12
2010-08-11,12
2010-08-11,12
2010-08-11,36
2010-08-11,8
2010-08-11,24
2010-08-11,12
2010-08-11,3
2010-08-20,48
2010-08-20,20
2010-08-20,10
2010-08-20,10
2010-08-20,10
2010-08-20,10
2010-08-20,10
2010-08-20,10
2010-08-20,20
2010-08-20,10
2010-08-20,10
2010-08-20,12
2010-08-20,48
2010-08-20,15
2010-08-20,15
2010-08-20,24
2010-08-20,12
2010-08-20,12
2010-08-20,10
2010-08-20,10
2010-08-20,10
2010-08-20,10
2010-08-20,6
2010-08-20,24
2010-09-02,24
2010-09-02,6
2010-09-02,12
2010-09-02,12
2010-09-02,64
2010-09-02,24
2010-09-02,8
2010-09-02,10
2010-09-02,10
2010-09-02,12
2010-09-02,48
2010-09-02,18
2010-09-02,32
2010-09-02,24
2010-09-20,10
2010-09-20,10
2010-09-20,24
2010-09-20,10
2010-09-20,10
2010-09-20,10
2010-09-20,24
2010-09-20,12
2010-09-20,24
2010-09-20,24
2010-09-20,12
2010-09-20,10
2010-09-20,10
2010-09-20,10
2010-09-20,10
2010-10-11,12
2010-10-11,32
2010-10-11,6
2010-10-11,24
2010-10-11,10
2010-10-11,10
2010-10-11,10
2010-10-11,10
2010-10-11,10
2010-10-11,10
2010-10-11,24
2010-10-11,12
2010-10-11,64
2010-10-11,24
2010-10-11,8
2010-10-11,6
2010-10-11,6
2010-10-11,16
2010-10-11,24
2010-10-11,24
2010-10-11,24
2010-10-11,48
2010-10-11,24
2010-10-11,36
2010-10-11,36
2010-10-11,10
2010-10-11,10
2010-10-11,10
2010-10-11,8
2010-10-11,6
2010-10-11,8
2010-10-14,5
2010-10-15,10
2010-10-29,18
2010-10-29,12
2010-10-29,12
2010-10-29,32
2010-10-29,12
2010-10-29,12
2010-10-29,12
2010-10-29,48
2010-10-29,10
2010-10-29,10
2010-10-29,10
2010-10-29,48
2010-10-29,8
2010-10-29,8
2010-10-29,24
2010-10-29,24
2010-10-29,12
2010-10-29,12
2010-10-29,50
2010-10-29,6
2010-10-29,12
2010-10-29,12
2010-10-29,12
2010-10-29,12
2010-10-29,12
2010-10-29,32
2010-10-29,48
2010-10-29,12
2010-10-29,24
2010-10-29,24
2010-10-29,48
2010-10-29,48
2010-10-29,48
2010-10-29,48
2010-10-29,36
2010-10-29,24
2010-10-29,24
2010-10-29,48
2010-10-29,4
2010-10-29,4
2010-10-29,4
2010-10-29,4
2010-10-29,24
2010-10-29,12
2010-10-29,18
2010-10-29,6
2010-10-29,24
2010-10-29,24
2010-10-29,24
2010-10-29,24
2010-10-29,24
2010-10-29,24
2010-10-29,24
2010-10-29,12
2010-10-29,24
2010-10-29,32
2010-10-29,4
2010-10-29,48
2010-10-29,18
2010-10-29,18
2010-10-29,18
2010-10-29,24
2010-11-11,8
2010-11-11,12
2010-11-11,12
2010-11-11,2
2010-11-11,2
2010-11-11,12
2010-11-11,12
2010-11-11,12
2010-11-11,32
2010-11-11,12
2010-11-11,4
2010-11-11,2
2010-11-11,10
2010-11-11,10
2010-11-11,10
2010-11-11,10
2010-11-11,6
2010-11-18,64
2010-11-18,8
2010-11-18,8
2010-11-18,8
2010-11-18,48
2010-11-18,36
2010-11-18,16
2010-11-18,2
2010-11-18,2
2010-11-23,4
2010-11-23,2
2010-11-23,9
2010-11-23,48
2010-11-23,24
2010-11-24,64
2010-12-07,8
2010-12-07,8
2010-12-07,36
2010-12-07,36
2010-12-07,12
2010-12-07,8
2010-12-07,24
2010-12-07,8
2010-12-07,48
2010-12-07,24
2010-12-07,12
2010-12-07,12
2010-12-10,64
2010-12-10,24
2010-12-10,48
2010-12-10,16
2011-01-05,6
2011-01-05,4
2011-01-05,4
2011-01-05,8
2011-01-05,12
2011-01-05,8
2011-01-05,4
2011-01-05,12
2011-01-05,12
2011-01-05,12
2011-01-05,12
2011-01-05,8
2011-01-05,12
2011-01-05,24
2011-01-05,24
2011-01-05,24
2011-01-05,24
2011-01-05,18
2011-01-05,32
2011-01-05,64
2011-01-05,36
2011-01-05,48
2011-02-01,12
2011-02-01,12
2011-02-01,10
2011-02-01,20
2011-02-01,20
2011-02-01,10
2011-02-01,8
2011-02-01,24
2011-02-01,6
2011-02-01,32
2011-02-01,2
2011-02-01,2
2011-02-01,2
2011-02-01,12
2011-02-01,4
2011-02-01,4
2011-02-01,10
2011-02-01,24
2011-02-01,24
2011-02-01,12
2011-02-01,10
2011-02-01,10
2011-02-11,2
2011-02-11,3
2011-02-11,4
2011-02-11,4
2011-02-11,6
2011-02-11,8
2011-02-11,10
2011-02-11,8
2011-02-11,8
2011-02-11,8
2011-02-11,24
2011-02-23,3
2011-02-23,32
2011-02-23,4
2011-02-23,4
2011-02-23,4
2011-02-23,4
2011-02-23,4
2011-02-23,12
2011-02-23,10
2011-02-23,2
2011-02-23,10
2011-02-23,10
2011-02-23,10
2011-02-23,12
2011-02-23,64
2011-02-23,6
2011-02-23,4
2011-02-23,8
2011-03-15,3
2011-03-15,4
2011-03-15,24
2011-03-15,24
2011-03-15,12
2011-03-15,24
2011-03-15,8
2011-03-15,18
2011-03-15,2
2011-03-15,24
2011-03-15,24
2011-03-15,2
2011-03-15,2
2011-03-15,2
2011-03-15,2
2011-03-15,2
2011-03-15,2
2011-03-15,24
2011-03-15,32
2011-03-15,12
2011-03-15,12
2011-03-15,12
2011-03-29,12
2011-03-29,12
2011-03-29,10
2011-03-29,10
2011-03-29,10
2011-03-29,10
2011-03-29,10
2011-03-29,24
2011-03-29,4
2011-03-29,4
2011-03-29,8
2011-03-29,8
2011-03-29,2
2011-03-29,12
2011-03-29,12
2011-03-29,2
2011-03-29,3
2011-03-29,6
2011-03-29,3
2011-03-29,6
2011-03-29,5
2011-04-14,64
2011-04-14,32
2011-04-14,8
2011-04-14,24
2011-04-14,24
2011-04-14,12
2011-04-14,12
2011-04-14,12
2011-04-14,32
2011-04-14,12
2011-04-14,12
2011-04-27,8
2011-04-27,8
2011-04-27,4
2011-04-27,4
2011-04-27,6
2011-04-27,4
2011-04-27,4
2011-04-27,6
2011-04-27,32
2011-04-27,6
2011-04-27,6
2011-04-27,8
2011-04-27,12
2011-04-27,12
2011-04-27,12
2011-04-27,32
2011-04-27,10
2011-04-27,10
2011-04-27,10
2011-04-27,10
2011-04-27,48
2011-04-27,24
2011-04-27,12
2011-04-27,24
2011-04-27,12
2011-04-27,12
2011-04-27,12
2011-04-27,10
2011-04-27,10
2011-04-27,10
2011-04-27,8
2011-05-05,12
2011-05-05,16
2011-05-05,12
2011-05-05,4
2011-05-05,24
2011-05-05,12
2011-05-05,12
2011-05-05,24
2011-05-05,24
2011-05-05,4
2011-05-05,12
2011-05-05,12
2011-05-05,12
2011-05-05,12
2011-05-05,6
2011-05-05,24
2011-05-19,8
2011-05-19,10
2011-05-19,10
2011-05-19,2
2011-05-19,24
2011-05-19,32
2011-05-19,6
2011-05-19,6
2011-05-19,2
2011-05-19,8
2011-05-19,6
2011-05-19,24
2011-05-19,3
2011-05-19,3
2011-05-19,6
2011-05-19,8
2011-05-19,12
2011-05-19,12
2011-05-19,12
2011-05-19,12
2011-05-19,10
2011-06-05,4
2011-06-05,2
2011-06-05,2
2011-06-05,4
2011-06-05,10
2011-06-05,10
2011-06-05,12
2011-06-05,12
2011-06-05,12
2011-06-05,8
2011-06-05,10
2011-06-14,2
2011-06-14,2
2011-06-14,4
2011-06-14,4
2011-06-14,10
2011-06-14,6
2011-06-14,6
2011-06-14,8
2011-06-14,24
2011-06-14,2
2011-06-14,4
2011-06-14,4
2011-06-14,12
2011-06-14,12
2011-06-14,12
2011-06-14,12
2011-06-14,10
2011-06-14,10
2011-06-14,10
2011-06-14,12
2011-06-14,12
2011-06-14,12
2011-06-14,12
2011-06-14,32
2011-06-30,10
2011-06-30,4
2011-06-30,2
2011-06-30,3
2011-06-30,8
2011-06-30,2
2011-06-30,2
2011-06-30,10
2011-06-30,20
2011-06-30,6
2011-06-30,4
2011-06-30,4
2011-06-30,4
2011-06-30,24
2011-06-30,12
2011-06-30,2
2011-06-30,2
2011-06-30,12
2011-06-30,12
2011-06-30,6
2011-07-12,12
2011-07-12,4
2011-07-12,4
2011-07-12,8
2011-07-12,2
2011-07-12,6
2011-07-12,10
2011-07-12,10
2011-07-12,10
2011-07-12,10
2011-07-12,10
2011-07-12,10
2011-07-12,6
2011-07-12,12
2011-07-12,8
2011-07-12,12
2011-07-12,4
2011-07-12,32
2011-07-20,10
2011-07-20,10
2011-07-20,10
2011-07-20,10
2011-07-20,10
2011-07-20,10
2011-07-20,10
2011-07-20,10
2011-07-20,10
2011-07-20,4
2011-07-20,2
2011-07-20,12
2011-07-20,12
2011-07-20,12
2011-07-20,12
2011-07-20,6
2011-07-20,2
2011-07-20,2
2011-07-20,24
2011-07-20,24
2011-07-20,4
2011-07-20,12
2011-07-20,8
2011-07-20,8
2011-07-20,8
2011-07-20,8
2011-07-20,4
2011-07-20,3
2011-07-20,6
2011-07-20,6
2011-07-20,3
2011-07-20,4
2011-07-20,6
2011-07-20,4
2011-07-20,10
2011-07-20,12
2011-07-20,16
2011-07-20,16
2011-07-20,6
2011-07-20,12
2011-07-20,6
2011-07-20,12
2011-07-20,4
2011-07-20,4
2011-07-20,4
2011-07-20,8
2011-07-20,8
2011-07-20,2
2011-07-20,12
2011-07-20,1
2011-07-20,3
2011-07-20,4
2011-07-20,4
2011-07-20,2
2011-07-20,2
2011-07-20,2
2011-07-20,4
2011-07-20,6
2011-07-20,6
2011-07-20,6
2011-07-20,6
2011-07-20,2
2011-07-20,2
2011-07-20,4
2011-07-20,8
2011-07-20,24
2011-07-20,24
2011-07-20,12
2011-07-20,24
2011-07-20,36
2011-07-25,1
2011-07-25,24
2011-07-25,24
2011-07-25,24
2011-07-25,24
2011-07-25,12
2011-07-25,2
2011-07-25,2
2011-08-03,8
2011-08-03,8
2011-08-03,8
2011-08-03,3
2011-08-03,10
2011-08-03,10
2011-08-03,10
2011-08-03,10
2011-08-03,10
2011-08-03,10
2011-08-03,10
2011-08-03,10
2011-08-03,6
2011-08-03,6
2011-08-03,4
2011-08-03,32
2011-08-03,16
2011-08-03,16
2011-08-03,3
2011-08-03,10
2011-08-03,10
2011-08-03,10
2011-08-03,10
2011-08-03,10
2011-08-03,10
2011-08-03,10
2011-08-03,12
2011-08-09,24
2011-08-09,12
2011-08-09,10
2011-08-09,10
2011-08-09,10
2011-08-09,10
2011-08-09,12
2011-08-09,6
2011-08-09,6
2011-08-09,6
2011-08-09,6
2011-08-09,4
2011-08-09,4
2011-08-09,12
2011-08-09,12
2011-08-09,12
2011-08-09,24
2011-08-09,24
2011-08-09,24
2011-08-09,4
2011-08-09,4
2011-08-09,2
2011-08-09,32
2011-08-09,16
2011-08-21,10
2011-08-21,10
2011-08-21,10
2011-08-21,10
2011-08-21,10
2011-08-21,10
2011-08-21,10
2011-08-21,20
2011-08-21,10
2011-08-21,10
2011-08-21,10
2011-08-21,10
2011-08-21,4
2011-08-21,8
2011-08-21,8
2011-08-21,4
2011-08-21,4
2011-08-21,2
2011-08-21,2
2011-08-21,8
2011-08-21,8
2011-08-21,8
2011-08-21,8
2011-08-21,3
2011-08-21,6
2011-08-21,6
2011-08-21,6
2011-08-21,8
2011-08-21,48
2011-08-21,24
2011-08-21,6
2011-08-21,24
2011-08-21,3
2011-08-21,5
2011-08-21,10
2011-08-21,24
2011-08-21,6
2011-08-21,6
2011-08-21,2
2011-08-21,2
2011-08-30,4
2011-08-30,24
2011-08-30,36
2011-08-30,32
2011-08-30,4
2011-08-30,4
2011-08-30,4
2011-08-30,3
2011-08-30,12
2011-08-30,24
2011-08-30,4
2011-08-30,24
2011-08-30,24
2011-08-30,12
2011-08-30,3
2011-08-30,2
2011-08-30,10
2011-08-30,10
2011-08-30,10
2011-08-30,10
2011-08-30,10
2011-08-30,10
2011-08-30,10
2011-08-30,10
2011-08-30,10
2011-08-30,2
2011-08-30,10
2011-08-30,10
2011-08-30,10
2011-08-30,10
2011-08-30,16
2011-08-30,16
2011-08-30,4
2011-08-30,2
2011-08-30,2
2011-08-30,2
2011-08-30,2
2011-08-30,4
2011-09-30,8
2011-09-30,24
2011-09-30,12
2011-09-30,18
2011-09-30,12
2011-09-30,3
2011-09-30,6
2011-09-30,4
2011-09-30,4
2011-09-30,32
2011-09-30,2
2011-09-30,2
2011-09-30,6
2011-09-30,2
2011-09-30,8
2011-09-30,12
2011-09-30,12
2011-09-30,12
2011-09-30,10
2011-09-30,10
2011-09-30,10
2011-09-30,10
2011-09-30,10
2011-09-30,10
2011-09-30,10
2011-09-30,10
2011-09-30,10
2011-09-30,10
2011-09-30,10
2011-09-30,10
2011-09-30,10
2011-09-30,6
2011-09-30,3
2011-09-30,6
2011-09-30,12
2011-09-30,4
2011-09-30,4
2011-09-30,12
2011-09-30,6
2011-09-30,12
2011-09-30,4
2011-09-30,4
2011-09-30,2
2011-09-30,4
2011-09-30,4
2011-09-30,4
2011-09-30,12
2011-10-31,6
2011-10-31,10
2011-10-31,10
2011-10-31,20
2011-10-31,10
2011-10-31,10
2011-10-31,10
2011-10-31,20
2011-10-31,10
2011-10-31,10
2011-10-31,4
2011-10-31,2
2011-10-31,4
2011-10-31,8
2011-10-31,4
2011-10-31,12
2011-10-31,12
2011-10-31,12
2011-10-31,12
2011-10-31,4
2011-10-31,48
2011-10-31,12
2011-10-31,36
2011-10-31,36
2011-10-31,12
2011-11-02,24
2011-11-02,3
2011-11-02,8
2011-11-02,6
2011-11-02,36
2011-11-02,16
2011-11-02,16
2011-11-02,12
2011-11-02,12
2011-11-02,6
2011-11-02,12
2011-11-02,12
2011-11-02,12
2011-11-02,12
2011-11-02,3
2011-11-02,12
2011-11-02,8
2011-11-02,8
2011-11-02,16
2011-11-02,8
2011-11-02,6
2011-11-02,12
2011-11-02,16
2011-11-02,32
2011-11-02,12
2011-11-02,12
2011-11-02,24
2011-11-02,24
2011-11-02,4
2011-11-02,12
2011-11-02,20
2011-11-02,24
2011-11-02,36
2011-11-02,12
2011-11-02,12
2011-11-02,2
2011-11-02,24
2011-11-02,16
2011-11-02,12
2011-11-02,10
2011-11-02,10
2011-11-02,10
2011-11-02,20
2011-11-02,12
2011-11-02,24
2011-11-18,12
2011-11-18,12
2011-11-18,48
2011-11-18,12
2011-11-18,12
2011-11-18,9
2011-11-18,48
2011-11-18,48
2011-11-18,24
2011-11-18,24
2011-11-18,8
2011-11-18,12
2011-11-18,20
2011-11-18,16
2011-11-18,2
2011-11-18,24
2011-11-18,24
2011-11-18,6
2011-11-18,6
2011-11-18,12
2011-11-18,16
2011-11-18,6
2011-11-18,24
2011-11-18,32
2011-11-21,2
2011-11-21,6
2011-11-21,2
2011-11-21,12
2011-11-21,6
2011-11-21,6
2011-11-21,4
2011-11-21,4
2011-11-21,24
2011-11-21,12
2011-11-21,6
2011-11-21,2
2011-11-21,4
2011-11-21,4
2011-11-21,8
2011-11-21,24
2011-11-21,12
2011-11-21,12
2011-11-21,16
2011-11-21,16
2011-11-21,10
2011-11-21,10
2011-11-21,10
2011-11-21,10
2011-11-21,20
2011-11-21,20
2011-11-21,10
2011-11-21,10
2011-11-21,10
2011-11-21,10
2011-11-21,18
2011-11-21,12
2011-11-21,12
2011-11-21,8
2011-11-21,24
2011-11-21,16
2011-11-21,16
2011-11-21,12
2011-11-21,12
2011-11-21,12
2011-12-01,24
2011-12-01,3
2011-12-01,4
2011-12-01,12
2011-12-01,6
2011-12-01,4
2011-12-01,12
2011-12-01,8
2011-12-01,9
2011-12-01,40
2011-12-01,24
2011-12-01,8
2011-12-01,10
2011-12-01,10
2011-12-01,24
2011-12-08,24
2011-12-08,36
2011-12-08,24
2011-12-08,40
2011-12-08,2
2011-12-08,2
2011-12-08,4
2011-12-08,12
2011-12-08,12
2011-12-08,12
2011-12-08,24
2011-12-08,36
2011-12-08,12
2011-12-08,24
2011-12-08,12
2011-12-08,8
2011-12-08,8
2011-12-08,32
2009-12-16,24
2009-12-16,3
2009-12-16,3
2009-12-16,12
2009-12-16,3
2009-12-16,12
2009-12-16,100
2009-12-16,3
2009-12-16,3
2009-12-16,2
2009-12-16,4
2009-12-16,12
2009-12-16,12
2009-12-16,10
2009-12-16,96
2009-12-16,48
2009-12-16,100
2009-12-16,4
2009-12-16,12
2009-12-16,12
2009-12-16,25
2009-12-16,12
2009-12-16,12
2009-12-16,3
2009-12-16,3
2009-12-16,12
2009-12-16,2
2009-12-16,12
2009-12-16,12
2010-01-29,4
2010-01-29,4
2010-01-29,12
2010-01-29,12
2010-01-29,12
2010-01-29,24
2010-01-29,100
2010-01-29,100
2010-01-29,100
2010-01-29,50
2010-01-29,50
2010-01-29,50
2010-01-29,6
2010-01-29,6
2010-01-29,5
2010-01-29,100
2010-01-29,10
2010-01-29,12
2010-01-29,12
2010-01-29,24
2010-01-29,12
2010-01-29,12
2010-01-29,12
2010-01-29,24
2010-01-29,6
2010-01-29,60
2010-01-29,12
2010-01-29,100
2010-01-29,6
2010-01-29,3
2010-01-29,18
2010-01-29,24
2010-01-29,24
2010-01-29,100
2010-01-29,100
2010-01-29,100
2010-01-29,6
2010-01-29,4
2010-01-29,12
2010-01-29,12
2010-01-29,12
2010-01-29,12
2010-01-29,120
2010-01-29,48
2010-01-29,6
2010-01-29,5
2010-01-29,4
2010-03-18,100
2010-03-18,24
2010-03-18,12
2010-03-18,100
2010-03-18,100
2010-03-18,6
2010-03-18,8
2010-03-18,6
2010-03-18,6
2010-03-18,12
2010-03-18,3
2010-03-18,12
2010-03-18,6
2010-03-18,6
2010-03-18,100
2010-03-18,12
2010-03-18,12
2010-03-18,3
2010-03-18,12
2010-03-18,6
2010-03-18,12
2010-03-18,12
2010-03-18,12
2010-03-18,12
2010-03-18,12
2010-03-18,24
2010-03-18,2
2010-03-18,4
2010-03-18,12
2010-03-18,3
2010-03-18,6
2010-03-18,12
2010-04-08,2
2010-04-08,2
2010-04-08,100
2010-04-08,100
2010-04-08,100
2010-04-08,100
2010-04-08,48
2010-04-08,48
2010-04-08,24
2010-04-08,25
2010-04-08,24
2010-04-08,12
2010-04-08,3
2010-04-08,24
2010-04-08,24
2010-04-08,20
2010-04-08,20
2010-04-08,48
2010-04-08,48
2010-04-08,12
2010-04-08,100
2010-04-08,12
2010-04-08,12
2010-04-08,12
2010-04-08,4
2010-04-08,4
2010-04-08,4
2010-04-08,12
2010-04-08,48
2010-04-08,12
2010-04-08,12
2010-04-08,12
2010-04-08,12
2010-04-08,4
2010-04-30,8
2010-04-30,8
2010-04-30,8
2010-04-30,8
2010-04-30,8
2010-04-30,12
2010-04-30,3
2010-04-30,100
2010-04-30,100
2010-04-30,24
2010-04-30,12
2010-04-30,12
2010-04-30,12
2010-04-30,2
2010-04-30,12
2010-04-30,12
2010-04-30,6
2010-04-30,3
2010-04-30,3
2010-04-30,3
2010-04-30,12
2010-04-30,100
2010-04-30,12
2010-04-30,8
2010-04-30,3
2010-04-30,8
2010-04-30,12
2010-04-30,12
2010-04-30,12
2010-04-30,2
2010-04-30,12
2010-04-30,12
2010-04-30,6
2010-04-30,6
2010-04-30,24
2010-04-30,4
2010-04-30,48
2010-04-30,12
2010-04-30,12
2010-04-30,12
2010-04-30,12
2010-04-30,12
2010-04-30,10
2010-04-30,1
2010-04-30,12
2010-04-30,12
2010-04-30,6
2010-04-30,24
2010-04-30,6
2010-04-30,6
2010-04-30,100
2010-05-25,24
2010-05-25,2
2010-05-25,3
2010-05-25,36
2010-05-25,6
2010-05-25,12
2010-05-25,100
2010-05-25,100
2010-05-25,24
2010-05-25,24
2010-06-04,22
2010-06-08,22
2010-06-09,6
2010-06-09,6
2010-06-09,12
2010-06-09,6
2010-06-09,10
2010-06-09,10
2010-06-09,6
2010-06-09,8
2010-06-09,3
2010-06-09,3
2010-06-09,6
2010-06-09,24
2010-06-09,4
2010-06-09,16
2010-06-09,6
2010-06-09,12
2010-06-09,48
2010-06-09,48
2010-06-09,48
2010-06-09,12
2010-06-09,48
2010-06-09,24
2010-06-09,100
2010-06-09,12
2010-06-09,24
2010-06-09,48
2010-06-09,8
2010-06-09,8
2010-06-09,16
2010-06-09,8
2010-06-13,100
2010-06-13,100
2010-06-13,100
2010-06-13,12
2010-06-13,50
2010-06-13,50
2010-06-13,6
2010-06-13,100
2010-07-12,2
2010-07-12,10
2010-07-12,3
2010-07-12,100
2010-07-12,24
2010-07-12,100
2010-07-12,100
2010-07-12,6
2010-07-25,6
2010-07-25,50
2010-07-25,12
2010-07-25,16
2010-07-25,6
2010-07-25,12
2010-07-25,16
2010-07-25,4
2010-07-25,3
2010-07-25,8
2010-07-25,100
2010-07-25,100
2010-07-25,25
2010-07-25,12
2010-07-25,12
2010-07-25,12
2010-07-25,12
2010-07-25,36
2010-07-25,12
2010-07-25,12
2010-07-25,12
2010-07-25,12
2010-08-11,12
2010-08-11,12
2010-08-11,16
2010-08-11,12
2010-08-11,2
2010-08-11,100
2010-08-11,24
2010-08-11,24
2010-08-11,6
2010-08-11,8
2010-08-11,16
2010-08-11,10
2010-08-11,20
2010-08-11,3
2010-08-11,48
2010-08-11,100
2010-08-11,100
2010-08-11,12
2010-08-11,12
2010-08-11,100
2010-08-11,3
2010-08-11,3
2010-08-11,3
2010-09-03,100
2010-09-03,24
2010-09-03,100
2010-09-03,100
2010-09-03,100
2010-09-03,3
2010-09-03,3
2010-09-03,100
2010-09-03,100
2010-09-03,100
2010-09-03,24
2010-09-03,2
2010-09-03,12
2010-09-03,100
2010-09-03,12
2010-09-27,12
2010-09-27,10
2010-09-27,24
2010-09-27,24
2010-09-27,48
2010-09-27,40
2010-09-27,25
2010-09-27,24
2010-09-27,12
2010-09-27,40
2010-09-27,72
2010-09-27,120
2010-09-27,40
2010-09-27,48
2010-09-27,4
2010-09-27,4
2010-09-27,4
2010-09-27,6
2010-09-27,50
2010-10-12,24
2010-10-12,48
2010-10-12,4
2010-10-12,48
2010-10-12,60
2010-10-12,48
2010-10-12,6
2010-10-12,50
2010-10-12,24
2010-10-12,2
2010-10-12,100
2010-10-12,100
2010-10-12,100
2010-10-12,100
2010-10-12,100
2010-10-12,12
2010-10-12,12
2010-10-12,12
2010-10-12,12
2010-11-05,100
2010-11-05,100
2010-11-05,2
2010-11-05,24
2010-11-05,48
2010-11-05,48
2010-11-05,12
2010-11-05,12
2010-11-05,8
2010-11-05,12
2010-11-05,12
2010-11-05,100
2010-11-05,12
2010-11-05,12
2010-11-05,12
2010-11-05,12
2010-11-05,6
2010-11-05,10
2010-11-05,48
2010-11-05,24
2010-11-05,24
2010-11-05,12
2010-11-05,100
2010-11-05,24
2010-11-05,100
2010-11-05,100
2010-11-05,100
2010-11-05,12
2010-11-05,4
2010-11-05,6
2010-11-05,10
2010-11-05,4
2010-11-05,12
2010-12-06,2
2010-12-06,6
2010-12-06,2
2010-12-06,120
2010-12-06,48
2010-12-06,48
2010-12-06,48
2010-12-06,12
2010-12-06,48
2010-12-06,12
2010-12-06,12
2010-12-06,3
2010-12-06,4
2010-12-06,48
2010-12-06,48
2010-12-06,24
2010-12-06,12
2010-12-06,100
2010-12-06,100
2010-12-06,3
2010-12-06,12
2010-12-06,12
2010-12-08,72
2010-12-08,72
2010-12-08,72
2010-12-08,72
2011-01-25,12
2011-01-25,12
2011-01-25,12
2011-01-25,4
2011-01-25,4
2011-01-25,2
2011-01-25,2
2011-01-25,1
2011-01-25,1
2011-01-25,100
2011-01-25,6
2011-01-25,6
2011-01-25,12
2011-01-25,10
2011-01-25,10
2011-01-25,2
2011-02-11,12
2011-02-11,6
2011-02-11,100
2011-02-11,100
2011-02-11,25
2011-02-11,24
2011-02-11,96
2011-02-11,6
2011-02-11,1
2011-02-11,4
2011-02-11,24
2011-02-11,3
2011-02-11,6
2011-02-11,12
2011-03-30,12
2011-03-30,25
2011-03-30,24
2011-03-30,12
2011-03-30,12
2011-03-30,48
2011-03-30,100
2011-03-30,100
2011-03-30,100
2011-03-30,12
2011-03-30,100
2011-03-30,100
2011-03-30,100
2011-03-30,4
2011-03-30,24
2011-03-30,24
2011-03-30,12
2011-03-30,4
2011-03-30,2
2011-03-30,2
2011-03-30,2
2011-03-30,2
2011-03-30,40
2011-03-30,12
2011-03-30,12
2011-03-30,8
2011-03-30,8
2011-04-14,100
2011-04-14,100
2011-05-11,100
2011-05-11,100
2011-05-11,12
2011-05-11,24
2011-05-11,50
2011-05-11,12
2011-05-11,12
2011-05-11,12
2011-05-11,12
2011-05-11,6
2011-05-11,10
2011-05-11,100
2011-05-11,100
2011-05-11,3
2011-05-11,96
2011-05-11,6
2011-05-11,6
2011-05-11,12
2011-05-11,100
2011-05-11,100
2011-05-11,24
2011-05-11,96
2011-05-11,2
2011-05-11,1
2011-06-17,4
2011-06-17,12
2011-06-17,12
2011-06-17,12
2011-06-17,48
2011-06-17,6
2011-06-17,12
2011-06-17,48
2011-06-17,6
2011-06-17,12
2011-06-17,25
2011-06-17,100
2011-06-17,100
2011-06-17,100
2011-06-17,2
2011-06-17,6
2011-06-17,4
2011-06-17,4
2011-06-17,4
2011-06-17,24
2011-06-17,3
2011-06-17,24
2011-06-17,12
2011-06-17,24
2011-06-17,6
2011-06-17,24
2011-06-17,6
2011-06-17,12
2011-06-17,6
2011-07-20,12
2011-07-20,12
2011-07-20,12
2011-07-20,12
2011-07-20,25
2011-07-20,25
2011-07-20,25
2011-07-20,100
2011-07-20,100
2011-07-20,12
2011-07-20,25
2011-07-20,60
2011-07-20,100
2011-07-20,100
2011-07-20,3
2011-07-20,24
2011-07-20,4
2011-07-20,100
2011-07-20,12
2011-07-20,100
2011-07-20,12
2011-07-20,4
2011-07-20,100
2011-07-20,6
2011-07-20,10
2011-07-20,10
2011-07-20,2
2011-07-20,12
2011-07-20,12
2011-08-04,24
2011-08-04,24
2011-08-04,2
2011-08-04,4
2011-08-04,12
2011-08-04,12
2011-08-04,12
2011-08-04,25
2011-08-04,100
2011-08-04,100
2011-08-04,100
2011-08-04,100
2011-08-04,100
2011-08-04,6
2011-08-31,48
2011-08-31,100
2011-08-31,100
2011-08-31,100
2011-08-31,100
2011-08-31,100
2011-08-31,8
2011-08-31,25
2011-08-31,100
2011-08-31,2
2011-08-31,4
2011-08-31,4
2011-08-31,4
2011-08-31,100
2011-08-31,2
2011-08-31,6
2011-08-31,12
2011-08-31,24
2011-08-31,24
2011-08-31,12
2011-08-31,12
2011-08-31,100
2011-08-31,24
2011-09-15,6
2011-09-15,12
2011-09-15,10
2011-09-15,10
2011-09-15,2
2011-09-15,25
2011-09-15,24
2011-09-15,4
2011-09-15,4
2011-09-15,24
2011-09-15,12
2011-09-15,6
2011-09-15,12
2011-09-15,12
2011-09-15,12
2011-09-15,6
2011-09-18,100
2011-09-18,100
2011-09-18,100
2011-09-18,100
2011-10-14,6
2011-10-14,12
2011-10-14,12
2011-10-14,6
2011-10-14,6
2011-10-14,10
2011-10-14,6
2011-10-14,6
2011-10-14,24
2011-10-14,8
2011-10-14,8
2011-10-14,6
2011-10-14,1
2011-10-14,1
2011-10-14,2
2011-10-14,6
2011-10-14,10
2011-10-14,6
2011-10-14,6
2011-10-14,8
2011-10-14,100
2011-10-14,100
2011-10-14,100
2011-10-14,100
2011-10-14,100
2011-10-14,6
2011-10-27,100
2011-10-27,100
2011-10-27,10
2011-10-27,48
2011-10-27,72
2011-11-04,12
2011-11-04,2
2011-11-04,12
2011-11-04,6
2011-11-04,12
2011-11-04,24
2011-11-04,12
2011-11-04,6
2011-11-04,12
2011-11-04,6
2011-11-04,12
2011-11-04,24
2011-11-04,24
2011-11-04,6
2011-11-04,6
2011-11-04,12
2011-11-04,10
2011-11-04,12
2011-11-04,24
2011-11-04,18
2011-11-04,24
2011-11-04,24
2011-11-04,8
2011-11-11,96
2011-11-11,100
2011-11-11,100
2011-11-11,100
2011-12-08,100
2011-12-08,12
2011-12-08,12
2011-12-08,8
2011-12-08,8
2011-12-08,24
2011-12-08,24
2011-12-08,24
2011-12-08,24
2011-12-08,2
2011-12-08,2
2011-12-08,4
2011-12-08,4
2011-12-08,24
2011-12-08,12
2011-12-08,100
2011-12-08,12
2011-12-08,24
2011-12-08,24
2011-12-08,6
2011-12-08,6
